timestamp,acc_x,acc_y,acc_z
0.0,-1.1800,9.8100,0.7219
50.0,-0.9100,9.8100,0.8445
100.0,-0.9900,9.8900,0.6946
150.0,-0.8900,9.7700,0.8445
200.0,-0.9100,9.7700,0.8853
250.0,-0.7200,9.7700,1.0760
300.0,-0.6500,9.8500,0.9943
350.0,-0.6100,9.8100,1.0760
400.0,-0.8000,9.7000,0.9534
450.0,-0.9900,9.8500,0.9262
500.0,-1.3100,9.8900,0.7219
550.0,-1.4200,9.7200,0.6946
600.0,-1.3300,9.8900,0.8445
650.0,-1.5700,9.9200,0.6538
700.0,-1.6100,9.8100,0.6538
750.0,-1.5700,9.7700,0.6129
800.0,-1.5700,9.9600,0.4631
850.0,-1.3300,9.7200,0.3814
900.0,-1.2300,9.5300,0.7219
950.0,-1.2700,9.8500,1.0760
1000.0,-1.2700,9.8900,0.6946
1050.0,-1.5300,9.9200,0.7627
1100.0,-1.6500,9.6200,0.7219
1150.0,-1.6500,9.7200,0.6946
1200.0,-1.6100,9.7700,0.8853
1250.0,-1.5300,9.7700,0.7219
1300.0,-1.4200,9.7200,0.9262
1350.0,-1.2700,9.7000,0.8445
1400.0,-1.6900,9.8100,0.6538
1450.0,-1.6100,9.8100,0.6946
1500.0,-1.6900,9.7200,0.6129
1550.0,-1.7300,9.5800,0.5040
1600.0,-1.8800,9.7200,0.5721
1650.0,-1.9200,9.9200,0.6538
1700.0,-1.8800,9.7200,0.6129
1750.0,-1.7600,9.7000,0.6538
1800.0,-1.8400,9.7000,0.6538
1850.0,-1.8800,9.8100,0.7219
1900.0,-1.8800,9.8100,0.7219
1950.0,-1.7300,9.7200,0.6538
2000.0,-1.7300,9.7200,0.6538
2050.0,-1.8000,9.6200,0.6946
2100.0,-1.8000,9.8100,0.8445
2150.0,-1.8000,9.8100,0.8445
2200.0,-1.7600,9.8100,0.8445
2250.0,-1.5700,9.7700,0.7627
2300.0,-1.7600,9.7700,0.8853
2350.0,-1.5700,9.6600,0.8036
2400.0,-1.7600,9.7700,0.9943
2450.0,-1.5000,9.6600,0.8036
2500.0,-1.6100,9.8100,0.9943
2550.0,-1.4200,9.7000,0.9262
2600.0,-1.5300,9.7700,0.9943
2650.0,-1.5300,9.8100,1.0351
2700.0,-1.5700,9.8100,1.0351
2750.0,-1.3800,9.7200,1.1169
2800.0,-1.4200,9.6200,0.9943
2850.0,-1.3800,9.7000,1.0351
2900.0,-1.5300,9.7200,1.0351
2950.0,-1.4600,9.7700,1.0760
3000.0,-1.3300,9.7000,1.1169
3050.0,-1.4600,9.8100,1.1441
3100.0,-1.1800,9.7000,1.2258
3150.0,-1.2700,9.7000,1.1850
3200.0,-1.3100,9.8100,1.2258
3250.0,-1.2300,9.7200,1.1850
3300.0,-1.2700,9.7200,1.1850
3350.0,-1.3800,9.7200,1.1169
3400.0,-1.4600,9.8100,0.9943
3450.0,-1.5000,9.6200,0.9262
3500.0,-1.4600,9.5800,1.1169
3550.0,-1.4600,9.7700,1.2258
3600.0,-1.1400,9.7200,1.3348
3650.0,-1.1400,9.9200,1.4165
3700.0,-1.3300,9.8500,1.2667
3750.0,-1.6100,9.7200,0.8036
3800.0,-1.9900,9.7000,0.5040
3850.0,-1.8000,9.6200,0.6129
3900.0,-1.3800,9.7700,1.1169
3950.0,-1.3300,9.8500,1.3348
4000.0,-1.5300,10.0800,0.9943
4050.0,-1.5700,9.8100,0.6129
4100.0,-1.4200,9.5100,0.7627
4150.0,-1.3300,9.6600,1.0351
4200.0,-1.2700,9.7200,1.2258
4250.0,-1.4200,9.8100,0.9943
4300.0,-1.7600,9.9200,0.7627
4350.0,-1.6100,9.6200,0.8036
4400.0,-1.3800,9.5800,1.0760
4450.0,-1.1800,9.7000,1.2258
4500.0,-1.1200,9.8500,1.1850
4550.0,-1.5000,10.0800,1.1169
4600.0,-1.5700,9.8500,0.9262
4650.0,-1.5000,9.6200,1.0351
4700.0,-1.3100,9.4300,1.0351
4750.0,-1.3100,9.7000,1.1441
4800.0,-1.5000,9.8500,0.9943
4850.0,-2.0300,9.9200,0.7219
4900.0,-1.8000,9.7000,0.7219
4950.0,-1.6500,9.7200,0.8445
5000.0,-1.4600,9.7000,0.8853
5050.0,-1.6900,9.7700,0.9534
5100.0,-1.7300,9.8100,0.9262
5150.0,-1.6900,9.7700,0.8853
5200.0,-1.6100,9.7000,0.8445
5250.0,-1.6900,9.6600,0.8445
5300.0,-1.7300,9.7700,0.8853
5350.0,-1.8000,9.8100,0.8445
5400.0,-1.6900,9.7200,0.8445
5450.0,-1.6100,9.6600,0.8853
5500.0,-1.6500,9.7700,0.9943
5550.0,-1.6100,9.7200,0.9943
5600.0,-1.6500,9.7000,0.9534
5650.0,-1.6100,9.7200,0.9534
5700.0,-1.6100,9.7000,0.9943
5750.0,-1.5700,9.7700,0.9262
5800.0,-1.5700,9.7000,0.9943
5850.0,-1.5300,9.7200,0.9534
5900.0,-1.5700,9.7000,0.9943
5950.0,-1.5300,9.7200,0.9534
6000.0,-1.6500,9.7200,0.9262
6050.0,-1.6100,9.7700,0.9943
6100.0,-1.5700,9.7000,0.9943
6150.0,-1.6100,9.7700,1.0351
6200.0,-1.6500,9.7200,0.9262
6250.0,-1.5700,9.6600,0.9943
6300.0,-1.5700,9.8100,0.9943
6350.0,-1.7300,9.7700,1.0351
6400.0,-1.7300,9.7200,0.9534
6450.0,-1.6900,9.5800,0.8036
6500.0,-1.5700,9.6600,0.8445
6550.0,-1.5700,9.7000,0.9262
6600.0,-1.5700,9.7000,0.9262
6650.0,-1.6100,9.8100,1.0760
6700.0,-1.6500,9.7700,0.9262
6750.0,-1.6500,9.8100,0.9534
6800.0,-1.8000,9.7200,0.8853
6850.0,-1.6900,9.5800,0.8036
6900.0,-1.7300,9.7200,0.8036
6950.0,-1.8000,9.8500,0.8445
7000.0,-1.7600,9.7000,0.7627
7050.0,-1.7300,9.6600,0.7627
7100.0,-1.7600,9.7700,0.8445
7150.0,-1.8000,9.8500,0.8445
7200.0,-1.9200,9.6600,0.7219
7250.0,-1.7600,9.6600,0.7219
7300.0,-1.6500,9.6600,0.7219
7350.0,-1.6100,9.8100,0.9534
7400.0,-1.7300,9.8500,0.7627
7450.0,-1.8000,9.6600,0.6946
7500.0,-1.8000,9.7000,0.6538
7550.0,-1.8400,9.7000,0.5721
7600.0,-1.7600,9.7000,0.8036
7650.0,-1.5700,9.7200,0.8853
7700.0,-1.6100,9.8900,0.9534
7750.0,-1.6500,9.7200,0.8445
7800.0,-1.7600,9.7000,0.6946
7850.0,-1.7600,9.7700,0.5312
7900.0,-1.6900,9.7700,0.6946
7950.0,-1.5700,9.8100,0.8445
8000.0,-1.6500,9.8100,0.8853
8050.0,-1.6900,9.7700,0.8036
8100.0,-1.6900,9.7200,0.7219
8150.0,-1.6100,9.7700,0.7627
8200.0,-1.6900,9.7700,0.8036
8250.0,-1.6500,9.7700,0.7627
8300.0,-1.6900,9.7200,0.8445
8350.0,-1.5700,9.7200,0.7627
8400.0,-1.6100,9.7700,0.9262
8450.0,-1.5700,9.7700,0.8853
8500.0,-1.5300,9.8500,0.9262
8550.0,-1.5300,9.8100,0.8445
8600.0,-1.5000,9.7700,0.9534
8650.0,-1.5300,9.7200,0.9262
8700.0,-1.5300,9.7200,0.8853
8750.0,-1.5300,9.7700,0.8853
8800.0,-1.5300,9.8100,0.9262
8850.0,-1.5000,9.7700,0.9534
8900.0,-1.5700,9.7700,0.9262
8950.0,-1.5700,9.8100,0.9534
9000.0,-1.5300,9.8100,0.9262
9050.0,-1.5300,9.7700,0.9943
9100.0,-1.5300,9.7200,1.0351
9150.0,-1.4200,9.7200,1.1169
9200.0,-1.3800,9.7200,1.1850
9250.0,-1.3300,9.7700,1.2258
9300.0,-1.3300,9.7200,1.1850
9350.0,-1.3300,9.7700,1.2258
9400.0,-1.3100,9.7000,1.1850
9450.0,-1.3300,9.7000,1.1441
9500.0,-1.3300,9.6600,1.1169
9550.0,-1.4600,9.6600,1.1169
9600.0,-1.4200,9.7200,1.1850
9650.0,-1.5300,9.7700,1.2258
9700.0,-1.5000,9.6200,1.1441
9750.0,-1.4600,9.5800,1.1169
9800.0,-1.6500,9.7700,1.1441
9850.0,-1.6500,9.8500,1.1850
9900.0,-1.6900,9.8100,1.1169
9950.0,-1.7300,9.7200,0.9943
10000.0,-1.6100,9.6600,1.0760
10050.0,-1.5000,9.6600,1.1169
10100.0,-1.5300,9.7000,1.1169
10150.0,-1.6500,9.8100,1.0351
10200.0,-1.6500,9.8500,0.8853
10250.0,-1.8000,9.7200,0.8036
10300.0,-1.7600,9.6600,0.8036
10350.0,-1.6500,9.6200,0.8445
10400.0,-1.5300,9.7200,0.9943
10450.0,-1.6500,9.8100,0.9943
10500.0,-1.6500,9.8100,0.9943
10550.0,-1.7300,9.7700,0.8036
10600.0,-1.6900,9.7000,0.8445
10650.0,-1.6100,9.7200,0.9534
10700.0,-1.5300,9.7200,0.9534
10750.0,-1.5300,9.7200,0.9943
10800.0,-1.6100,9.8500,0.9534
10850.0,-1.6500,9.8100,0.8853
10900.0,-1.6500,9.7000,0.8853
10950.0,-1.5700,9.7200,0.7627
11000.0,-1.4600,9.6600,0.8445
11050.0,-1.6500,9.8100,0.8853
11100.0,-1.5700,9.7700,0.8853
11150.0,-1.5700,9.8900,0.9262
11200.0,-1.5300,9.7200,0.8853
11250.0,-1.5700,9.6600,1.0760
11300.0,-1.4200,9.7200,1.1441
11350.0,-1.4600,9.8100,1.1169
11400.0,-1.5000,9.7000,1.1441
11450.0,-1.2300,9.5100,0.9943
11500.0,-1.4200,9.8100,0.8445
11550.0,-1.3800,9.6600,0.9262
11600.0,-1.8000,9.7200,0.7627
11650.0,-1.8000,9.7200,0.7627
11700.0,-2.0700,9.7200,0.6538
11750.0,-1.6500,9.5800,0.8445
11800.0,-1.6100,9.7000,0.9262
11850.0,-1.6100,9.7000,0.9262
11900.0,-1.6100,9.7000,0.9262
11950.0,-1.4600,9.4700,0.9534
12000.0,-1.4600,9.6200,0.8445
12050.0,-1.6900,9.7200,0.7627
12100.0,-1.7300,9.9200,0.9262
12150.0,-1.5700,10.0000,0.9943
12200.0,-1.6500,9.8100,0.9943
12250.0,-1.3100,9.5800,0.8853
12300.0,-1.5300,9.7000,0.9534
12350.0,-1.6100,9.7200,0.8853
12400.0,-1.5700,9.7200,1.0351
12450.0,-1.5000,9.7200,1.1441
12500.0,-1.4600,9.8100,1.1850
12550.0,-1.5000,9.7200,1.3076
12600.0,-1.5700,9.6600,1.1441
12650.0,-1.5300,9.6200,1.1441
12700.0,-1.6900,9.7200,1.1441
12750.0,-1.4600,9.6600,1.1850
12800.0,-1.5700,9.7200,1.0351
12850.0,-1.6500,9.8100,1.1169
12900.0,-1.5000,9.7700,1.1169
12950.0,-1.3800,9.7000,1.0760
13000.0,-1.5300,9.7000,1.0760
13050.0,-1.5000,9.7200,0.8853
13100.0,-1.5300,9.7200,0.9534
13150.0,-1.5300,9.7200,0.9534
13200.0,-1.5300,9.7200,0.9262
13250.0,-1.4600,9.7700,0.9534
13300.0,-1.5000,9.8500,1.0351
13350.0,-1.5300,9.7200,0.9262
13400.0,-1.5300,9.7200,0.8036
13450.0,-1.5300,9.7700,0.8445
13500.0,-1.5700,9.7700,0.8445
13550.0,-1.6500,9.8100,0.8036
13600.0,-1.5300,9.7000,0.8445
13650.0,-1.5700,9.7700,0.9262
13700.0,-1.3800,9.7200,0.9534
13750.0,-1.5300,9.8900,0.9534
13800.0,-1.5700,9.8900,0.9534
13850.0,-1.6100,9.6600,0.7219
13900.0,-1.6500,9.6200,0.7627
13950.0,-1.5700,9.5800,0.6946
14000.0,-1.8000,9.7700,0.8853
14050.0,-1.6900,9.8900,1.0351
14100.0,-1.2300,9.6600,1.1441
14150.0,-1.3800,9.7200,1.0760
14200.0,-1.6900,9.7700,0.9943
14250.0,-1.8800,9.8100,0.6538
14300.0,-1.6900,9.8900,0.8853
14350.0,-1.5700,9.6600,0.8445
14400.0,-1.3100,9.4700,0.9534
14450.0,-1.6100,10.0000,0.9943
14500.0,-1.8400,10.0800,0.9943
14550.0,-1.7300,9.7700,0.9943
14600.0,-1.3100,9.3800,1.1169
14650.0,-1.1400,9.5300,1.3076
14700.0,-2.2600,9.7700,0.8036
14750.0,-2.3000,10.0400,0.6946
14800.0,-1.6500,9.8100,0.8853
14850.0,-1.1800,10.2300,0.9262
14900.0,-0.5700,8.9600,1.0351
14950.0,-0.6500,9.5300,1.4165
15000.0,-1.5000,9.9600,1.4982
15050.0,-2.2200,9.8100,1.1850
15100.0,-1.9200,9.8100,0.9534
15150.0,-1.8800,9.8500,0.6946
15200.0,-1.6500,9.7200,0.6538
15250.0,-1.8000,9.6600,0.4631
15300.0,-1.7600,9.5300,0.5721
15350.0,-0.9500,9.3800,1.3076
15400.0,-0.9100,10.0000,1.6481
15450.0,-1.4600,10.1500,1.7298
15500.0,-1.4600,9.7000,1.3348
15550.0,-1.6100,9.7000,0.7627
15600.0,-1.8800,9.5800,0.3133
15650.0,-1.9200,9.7700,0.5312
15700.0,-1.8400,10.0400,0.8036
15750.0,-1.4600,9.9600,1.2258
15800.0,-0.8400,9.8100,0.9943
15850.0,-1.0800,9.6600,0.6538
15900.0,-1.8800,9.7200,0.5721
15950.0,-2.2200,9.8100,0.3133
16000.0,-2.4900,9.7200,0.3814
16050.0,-2.1400,9.8900,0.5312
16100.0,-1.5300,9.8900,0.6538
16150.0,-1.3300,9.8100,0.8445
16200.0,-1.2300,9.6200,0.9943
16250.0,-1.3800,9.7200,1.1441
16300.0,-1.5300,9.5800,1.1169
16350.0,-1.7300,9.8900,0.9943
16400.0,-1.8400,9.8500,0.8036
16450.0,-1.6900,9.6600,0.8445
16500.0,-1.7300,9.7000,0.8445
16550.0,-1.5300,9.7700,0.8853
16600.0,-1.5300,9.7000,0.9262
16650.0,-1.6100,9.8500,0.8853
16700.0,-1.5700,9.8900,0.8853
16750.0,-1.5700,9.8900,0.8853
16800.0,-1.3800,9.6200,0.9262
16850.0,-1.2300,9.6600,1.0760
16900.0,-1.4200,9.7700,1.1169
16950.0,-1.5300,9.7200,1.0760
17000.0,-1.5700,9.7700,0.9943
17050.0,-1.6900,9.8100,0.9534
17100.0,-1.4600,9.6200,1.0760
17150.0,-1.3800,9.6600,1.2258
17200.0,-1.5300,9.8500,1.1850
17250.0,-1.5700,9.7000,0.9943
17300.0,-1.6500,9.6200,1.0351
17350.0,-1.5000,9.7000,1.0351
17400.0,-1.5700,9.8100,1.0760
17450.0,-1.6500,9.8100,1.0760
17500.0,-1.5000,9.6600,1.0760
17550.0,-1.4600,9.7000,0.9534
17600.0,-1.5000,9.7000,0.9943
17650.0,-1.5000,9.7000,1.0351
17700.0,-1.6900,9.8900,0.9534
17750.0,-1.5300,9.8100,1.0351
17800.0,-1.5000,9.6600,1.0760
17850.0,-1.5300,9.6200,0.9943
17900.0,-1.5300,9.7000,0.9943
17950.0,-1.5700,9.7700,0.9943
18000.0,-1.5000,9.7700,1.0351
18050.0,-1.5000,9.7700,0.9943
18100.0,-1.5000,9.7200,0.8853
18150.0,-1.7300,9.8100,0.8853
18200.0,-1.7300,9.8100,0.8853
18250.0,-1.6500,9.7200,0.8853
18300.0,-1.6500,9.6600,0.8445
18350.0,-1.6500,9.7000,0.8445
18400.0,-1.6100,9.8100,0.8853
18450.0,-1.6900,9.8100,0.8036
18500.0,-1.5000,9.6600,0.6129
18550.0,-1.2700,9.4700,0.8036
18600.0,-1.0400,9.5300,1.2258
18650.0,-1.3300,9.9200,1.4574
18700.0,-2.3000,10.0800,1.3076
18750.0,-2.4900,9.7000,0.7627
18800.0,-2.1800,9.7000,0.6538
18850.0,-1.8000,9.7200,0.7627
18900.0,-1.6500,10.0400,0.5312
18950.0,-1.5300,9.8100,0.1907
19000.0,-1.8800,10.0800,0.1498
19050.0,-1.8400,9.8900,0.3133
19100.0,-1.2300,9.2800,0.6538
19150.0,-0.9100,9.0400,0.8853
19200.0,-0.9500,9.3400,0.9943
19250.0,-2.0700,10.5000,1.3348
19300.0,-1.8400,10.2300,1.2258
19350.0,-1.7600,9.6600,1.1850
19400.0,-1.9200,9.4700,0.9262
19450.0,-1.8000,9.5100,0.7219
19500.0,-2.2600,9.8900,0.5040
19550.0,-2.0300,9.9200,0.5312
19600.0,-1.7300,9.9200,0.7627
19650.0,-2.0300,9.9600,0.5721
19700.0,-2.0300,9.7700,0.6538
19750.0,-1.9900,9.5100,0.6538
19800.0,-2.1100,9.7000,0.7627
19850.0,-1.8800,9.5800,1.0760
19900.0,-1.8000,9.3800,1.0760
19950.0,-1.8400,9.3400,1.1169
20000.0,-1.9500,9.8900,1.2667
20050.0,-1.6100,10.0800,1.2667
20100.0,-1.4200,9.6600,1.3076
20150.0,-1.8400,9.5300,1.1441
20200.0,-2.0700,9.5800,0.9534
20250.0,-2.2200,9.6200,0.8853
20300.0,-1.9500,9.6200,1.0760
20350.0,-1.4600,9.5300,1.0760
20400.0,-1.6500,10.0800,1.1850
20450.0,-1.8800,9.8900,0.9943
20500.0,-1.8800,9.5300,0.9943
20550.0,-1.8000,9.5800,0.9534
20600.0,-1.8000,9.8500,0.8036
20650.0,-1.6500,9.8900,0.8853
20700.0,-1.5000,9.7700,0.8853
20750.0,-1.5000,9.7000,0.5312
20800.0,-1.8400,9.7200,0.5312
20850.0,-1.7600,9.6600,0.6129
20900.0,-1.8000,9.7000,0.6946
20950.0,-1.9200,10.0400,0.8853
21000.0,-1.6500,9.7700,0.8445
21050.0,-1.8400,9.7200,0.8853
21100.0,-1.5300,9.5800,0.7627
21150.0,-1.5000,9.7000,0.9534
21200.0,-1.4200,9.7200,0.9534
21250.0,-1.6500,9.8500,0.9262
21300.0,-1.6900,9.7700,0.8853
21350.0,-1.7300,9.8100,0.9534
21400.0,-1.2700,9.5100,1.1169
21450.0,-1.4600,9.7700,1.2667
21500.0,-1.6500,9.8500,1.1441
21550.0,-1.5700,9.7000,1.1169
21600.0,-1.6900,9.7200,1.0351
21650.0,-1.5700,9.7200,1.0351
21700.0,-1.5000,9.7000,1.1169
21750.0,-1.5000,9.5300,1.1169
21800.0,-1.6500,9.6600,1.1850
21850.0,-1.6500,9.6600,1.1850
21900.0,-1.6900,9.7700,1.1850
21950.0,-1.7300,9.8500,1.0760
22000.0,-1.6500,9.7000,1.0760
22050.0,-1.5000,9.6600,1.0760
22100.0,-1.5000,9.7000,1.2667
22150.0,-1.5700,9.8100,0.9534
22200.0,-0.9900,9.7200,1.2258
22250.0,-1.6900,9.8900,1.3348
22300.0,-1.4600,9.6600,1.2258
22350.0,-1.7300,9.5800,0.8853
22400.0,-1.6100,9.5300,0.9534
22450.0,-1.4600,9.6200,1.1850
22500.0,-1.8000,9.8100,1.1169
22550.0,-1.7600,9.7000,1.1441
22600.0,-1.6500,9.6200,1.1169
22650.0,-1.3800,9.7000,1.2667
22700.0,-1.2700,9.7200,1.1850
22750.0,-1.1200,9.6600,1.1850
22800.0,-1.3300,9.6600,1.0760
22850.0,-1.6100,9.5800,0.9534
22900.0,-1.9200,9.8900,0.8853
22950.0,-2.1400,9.9600,0.8445
23000.0,-1.8400,9.7000,0.7219
23050.0,-1.8000,9.6600,0.6129
23100.0,-1.8400,9.7200,0.6538
23150.0,-1.9200,9.6600,0.7627
23200.0,-1.8400,9.7000,0.8445
23250.0,-1.8400,9.8100,0.9262
23300.0,-1.7300,10.0800,0.8445
23350.0,-1.9900,9.8100,0.4631
23400.0,-1.6100,9.6200,0.5721
23450.0,-1.9500,9.8100,0.5312
23500.0,-2.0300,9.7200,0.7627
23550.0,-2.1100,9.8100,0.6946
23600.0,-2.1400,9.4700,0.5312
23650.0,-1.8800,9.5300,0.7219
23700.0,-1.6900,9.7700,0.9262
23750.0,-1.4200,9.7000,1.1441
23800.0,-1.6100,9.7200,1.1850
23850.0,-1.6500,9.7200,0.9943
23900.0,-1.4600,9.5800,0.9534
23950.0,-1.6500,9.6600,0.9534
24000.0,-1.7300,9.7700,0.9534
24050.0,-1.7600,9.8100,0.9943
24100.0,-1.7600,9.6600,1.0760
24150.0,-1.6500,9.6200,1.1169
24200.0,-1.8000,9.6600,0.9943
24250.0,-1.8000,9.8100,0.9534
24300.0,-1.7600,9.8100,0.9262
24350.0,-1.6100,9.7000,0.9943
24400.0,-1.5700,9.5800,0.9534
24450.0,-1.5700,9.5800,0.9534
24500.0,-1.5700,9.7700,1.1169
24550.0,-1.6100,9.8900,0.9943
24600.0,-1.6100,9.7700,0.9534
24650.0,-1.6500,9.6200,0.8853
24700.0,-1.6500,9.7000,0.8853
24750.0,-1.6500,9.7700,0.9534
24800.0,-1.6500,9.7200,1.1169
24850.0,-1.6500,9.7200,1.1169
24900.0,-1.6500,9.6600,1.0760
24950.0,-1.6500,9.6600,1.0760
25000.0,-1.6500,9.7000,1.0351
25050.0,-1.6500,9.7200,1.0351
25100.0,-1.5700,9.6600,1.0760
25150.0,-1.5700,9.7000,1.0760
25200.0,-1.5300,9.6600,1.1441
25250.0,-1.5700,9.7200,1.1850
25300.0,-1.6100,9.7200,1.1441
25350.0,-1.5700,9.7200,1.1169
25400.0,-1.5700,9.7000,1.0351
25450.0,-1.5700,9.7700,0.9943
25500.0,-1.5700,9.7200,0.9943
25550.0,-1.5700,9.7200,1.1169
25600.0,-1.5000,9.7700,1.1169
25650.0,-1.5000,9.6600,1.1441
25700.0,-1.5300,9.7000,1.0760
25750.0,-1.6100,9.7200,1.0760
25800.0,-1.6100,9.7700,1.0351
25850.0,-1.5700,9.7700,1.1441
25900.0,-1.5300,9.7000,1.0760
25950.0,-1.5000,9.7000,1.1441
26000.0,-1.5000,9.7000,1.1441
26050.0,-1.5300,9.7200,1.0760
26100.0,-1.5700,9.7200,1.1441
26150.0,-1.5000,9.7000,1.1169
26200.0,-1.4600,9.7000,1.1441
26250.0,-1.5000,9.6600,1.1169
26300.0,-1.5300,9.7200,1.1169
26350.0,-1.5300,9.7700,1.1169
26400.0,-1.4600,9.7000,1.1169
26450.0,-1.4200,9.6200,1.1169
26500.0,-1.5000,9.7200,1.1850
26550.0,-1.4600,9.8100,1.1850
26600.0,-1.6100,9.7200,0.9943
26650.0,-1.7300,9.6600,0.7627
26700.0,-1.8800,9.6200,0.6946
26750.0,-1.8000,9.7700,0.8445
26800.0,-1.7300,9.8900,0.9943
26850.0,-1.6500,9.7700,1.1850
26900.0,-1.3800,9.7000,1.1169
26950.0,-1.3100,9.6200,1.1850
27000.0,-1.1400,9.5800,1.3076
27050.0,-1.0400,9.6600,1.3348
27100.0,-1.1800,9.7700,1.3348
27150.0,-1.3300,9.7700,1.2258
27200.0,-1.5700,9.7200,0.9943
27250.0,-1.6900,9.6600,0.8853
27300.0,-1.7600,9.7200,0.9262
27350.0,-1.7600,9.7000,1.0351
27400.0,-1.6500,9.6600,0.8853
27450.0,-1.9900,9.7200,0.7219
27500.0,-2.1100,9.8100,0.6946
27550.0,-1.9200,9.7700,0.8036
27600.0,-1.7600,9.6600,0.8036
27650.0,-1.6500,9.6600,0.7219
27700.0,-1.8000,9.7700,0.8853
27750.0,-1.8000,9.7700,0.8853
27800.0,-1.8400,9.8100,0.8853
27850.0,-1.9200,9.6600,0.8036
27900.0,-1.9200,9.7700,0.7627
27950.0,-1.8000,9.8500,0.7219
28000.0,-1.9900,9.8500,0.5721
28050.0,-1.9200,9.6600,0.5721
28100.0,-1.8400,9.7700,0.7627
28150.0,-1.6500,9.6600,0.7627
28200.0,-1.8000,9.7000,0.9262
28250.0,-1.6900,9.7700,0.9262
28300.0,-1.9500,9.9200,0.9534
28350.0,-2.1100,9.8100,0.6538
28400.0,-2.1100,9.7200,0.6129
28450.0,-1.9900,9.7200,0.6538
28500.0,-1.9200,9.6200,0.7627
28550.0,-1.8400,9.4700,0.8853
28600.0,-1.7600,9.5300,0.9534
28650.0,-1.9500,9.7200,1.0351
28700.0,-1.9500,9.7700,0.7627
28750.0,-1.9900,9.8900,0.8036
28800.0,-1.4600,11.9200,-0.2724
28850.0,-1.8000,8.2400,0.7219
28900.0,-1.1800,8.7700,0.5312
28950.0,-1.9500,9.6600,1.1850
29000.0,-1.7300,9.8500,1.4165
29050.0,-1.7300,9.7200,1.3757
29100.0,-2.0700,10.1500,1.3348
29150.0,-1.5300,9.5300,1.2258
29200.0,-1.7300,9.4700,1.1441
29250.0,-1.8000,9.7000,0.9943
29300.0,-1.8400,9.8100,0.9534
29350.0,-1.8800,9.8100,0.9943
29400.0,-1.6900,9.7700,0.8445
29450.0,-1.5700,9.7200,0.8853
29500.0,-1.5000,9.5800,0.9262
29550.0,-1.4200,9.6200,1.0760
29600.0,-1.4200,9.8900,1.2667
29650.0,-1.4600,9.8100,1.3348
29700.0,-1.6100,9.8500,1.4165
29750.0,-1.5000,9.6200,1.2258
29800.0,-1.3800,9.6200,1.3757
29850.0,-1.3100,9.5300,1.3757
29900.0,-1.3800,9.6200,1.4982
29950.0,-1.4600,9.7000,1.5391
30000.0,-1.6500,9.8500,1.6481
30050.0,-1.5000,10.0000,1.6072
30100.0,-1.5000,9.8100,1.4165
30150.0,-1.3100,9.7200,1.3076
30200.0,-1.3800,9.5100,0.9943
30250.0,-1.5000,9.5300,0.9943
30300.0,-1.6900,9.5300,0.7627
30350.0,-1.3800,9.3400,0.7219
30400.0,-1.1400,9.5300,0.9943
30450.0,-0.6500,10.3800,1.2667
30500.0,-0.3400,9.5100,1.2258
30550.0,-0.1100,9.1900,0.9943
30600.0,0.1900,9.3800,1.4574
30650.0,0.1900,9.3800,1.4574
30700.0,0.1900,9.3800,1.4574
30750.0,-0.4600,10.3400,2.0703
30800.0,-0.6100,9.7700,1.5391
30850.0,-1.0400,9.7200,0.9943
30900.0,-0.8000,9.0000,1.0760
30950.0,-1.3100,9.6600,1.7570
31000.0,-1.5000,9.6200,1.6072
31050.0,-1.8800,9.9200,1.6481
31100.0,-2.2200,10.1200,1.7979
31150.0,-1.9500,9.8500,2.8739
31200.0,-1.1200,9.7000,3.0646
31250.0,-0.8400,9.4700,2.2201
31300.0,-1.1400,9.1900,2.1520
31350.0,-0.6500,8.9600,2.1520
31400.0,0.0400,9.3400,2.6015
31450.0,1.6500,9.0400,2.9148
31500.0,1.9900,9.6600,3.1735
31550.0,2.2200,9.5100,3.2553
31600.0,1.2700,8.7700,2.5606
31650.0,1.0400,8.7700,2.3699
31700.0,0.4600,9.6200,2.1112
31750.0,0.1900,10.2700,2.3018
31800.0,0.6900,10.9500,2.7922
31850.0,1.3100,12.0300,4.2087
31900.0,0.4200,9.5300,3.4051
31950.0,0.1900,7.2100,2.1520
32000.0,0.0000,7.5900,2.6015
32050.0,-0.1900,7.7800,2.9148
32100.0,-0.1900,7.7400,2.7241
32150.0,-1.3800,10.4200,2.6423
32200.0,-1.6500,11.5600,4.0997
32250.0,-0.1500,8.9600,2.6015
32300.0,-1.8000,8.8900,1.0760
32350.0,-1.6100,11.5000,3.5958
32400.0,0.8900,10.4200,2.9556
32450.0,-1.5700,8.7300,1.1850
32500.0,-1.6100,9.3800,1.6481
32550.0,-0.8000,9.1500,1.5391
32600.0,-2.1800,10.1500,1.4574
32650.0,-2.1100,9.5300,1.3757
32700.0,-0.9100,9.7200,1.2667
32750.0,-0.6100,9.7200,1.4982
32800.0,-0.2300,9.5300,1.1441
32850.0,-0.7600,9.8900,1.2667
32900.0,-1.1800,9.6600,0.6946
32950.0,-1.4600,9.8100,0.5721
33000.0,-1.3100,9.9200,0.5040
33050.0,-0.7200,9.8500,0.3814
33100.0,-0.5700,9.8900,0.2315
33150.0,-0.8000,10.0000,0.4222
33200.0,-1.3100,9.9600,0.5721
33250.0,-1.1800,9.7700,0.7219
33300.0,-0.6100,9.7000,0.6538
33350.0,-0.7200,9.8500,0.6538
33400.0,-0.8900,10.0800,0.8445
33450.0,-0.9500,9.7700,0.9534
33500.0,-0.6100,9.5100,0.9262
33550.0,-0.8400,9.8100,0.9534
33600.0,-1.1400,9.8100,0.8853
33650.0,-1.1800,9.9200,0.8036
33700.0,-1.3300,9.7200,0.8853
33750.0,-1.3100,9.7700,0.6946
33800.0,-1.5300,9.8100,0.8853
33850.0,-1.5700,9.9600,0.8445
33900.0,-1.8000,9.8900,0.9262
33950.0,-1.8800,9.7200,0.7627
34000.0,-1.7300,9.7000,0.8445
34050.0,-1.5000,9.6600,0.7219
34100.0,-1.5300,9.9200,0.9262
34150.0,-1.5000,9.7700,0.8445
34200.0,-1.2700,9.8100,1.0760
34250.0,-1.2700,9.7200,1.1169
34300.0,-1.2300,9.7700,1.1850
34350.0,-1.1800,9.7200,1.2258
34400.0,-1.1800,9.7700,1.3348
34450.0,-1.3100,9.7200,1.2667
34500.0,-1.4600,9.8500,1.3348
34550.0,-1.2300,9.6200,1.3076
34600.0,-1.3100,9.7000,1.4574
34650.0,-1.1800,9.5300,1.2667
34700.0,-1.2700,9.8100,1.4982
34750.0,-1.1800,9.7000,1.4982
34800.0,-1.3300,9.8900,1.6072
34850.0,-1.2700,9.7000,1.4165
34900.0,-1.2700,9.7700,1.5663
34950.0,-0.8400,9.3800,1.3757
35000.0,-0.8400,9.7000,1.6072
35050.0,-0.7200,9.3000,1.2667
35100.0,-1.2700,10.0000,1.4165
35150.0,-0.8900,9.8100,1.5663
35200.0,-0.8900,9.5800,1.4982
35250.0,-0.9500,9.5300,1.4574
35300.0,-1.3800,9.8500,1.3757
35350.0,-1.3800,9.8900,1.4165
35400.0,-1.4600,9.9600,1.6481
35450.0,-1.2300,9.8900,1.6072
35500.0,-1.2300,9.6600,1.6072
35550.0,-1.1800,9.6600,1.6481
35600.0,-1.4600,9.6600,1.5663
35650.0,-1.4600,9.5800,1.3757
35700.0,-1.6900,9.6600,1.3757
35750.0,-1.5700,9.4700,1.3348
35800.0,-1.5700,9.4700,1.3348
35850.0,-1.3800,9.6200,1.5663
35900.0,-1.5000,9.7000,1.4165
35950.0,-1.5000,9.7000,1.4165
36000.0,-1.7600,9.8100,1.2258
36050.0,-1.6100,9.8500,1.0351
36100.0,-1.3800,9.8100,0.9943
36150.0,-1.4200,9.8100,1.1441
36200.0,-1.3300,9.7000,1.1441
36250.0,-1.1200,9.5800,1.1441
36300.0,-1.2300,9.7000,1.1441
36350.0,-1.4200,9.7700,1.3076
36400.0,-1.2300,9.6200,1.1850
36450.0,-1.2300,9.8500,1.3076
36500.0,-1.3100,9.8100,1.2667
36550.0,-1.3800,9.8500,1.3757
36600.0,-1.1800,9.6200,1.2258
36650.0,-1.3100,9.7200,1.3757
36700.0,-1.4600,9.7000,1.3076
36750.0,-1.4200,9.8100,1.4982
36800.0,-1.2700,9.6200,1.4574
36850.0,-1.2300,9.7000,1.4165
36900.0,-1.2700,9.8100,1.4574
36950.0,-1.2700,9.8100,1.4574
37000.0,-1.2700,9.7000,1.3348
37050.0,-1.1400,9.6600,1.3076
37100.0,-1.4200,9.7200,1.3348
37150.0,-1.5300,9.6600,1.3076
37200.0,-1.5300,9.7700,1.3076
37250.0,-1.4200,9.5100,1.3757
37300.0,-1.5300,9.7000,1.4574
37350.0,-1.6900,9.8100,1.3348
37400.0,-1.8000,9.7700,1.2667
37450.0,-1.7600,9.6600,1.0351
37500.0,-1.7300,9.8500,1.1169
37550.0,-1.4600,9.5300,1.0351
37600.0,-1.3300,9.7700,1.1441
37650.0,-1.1200,9.5300,1.2258
37700.0,-1.1800,9.5800,1.4165
37750.0,-1.5000,10.0000,1.4982
37800.0,-1.6900,9.6200,1.4165
37850.0,-1.4600,9.7200,1.4574
37900.0,-1.4200,9.6200,1.3076
37950.0,-1.2300,9.6600,1.4982
38000.0,-1.3800,9.7700,1.5663
38050.0,-1.4200,9.6600,1.3076
38100.0,-1.6900,9.8500,1.3076
38150.0,-1.5700,9.5300,1.1441
38200.0,-1.6100,9.7200,1.2667
38250.0,-1.5000,9.6200,1.2258
38300.0,-1.4600,9.7700,1.3348
38350.0,-1.5300,9.7000,1.3348
38400.0,-1.4200,9.6600,1.3348
38450.0,-1.4200,9.7000,1.4165
38500.0,-1.3100,9.6200,1.3757
38550.0,-1.4600,9.7000,1.3757
38600.0,-1.3800,9.7000,1.3757
38650.0,-1.5300,9.7200,1.4574
38700.0,-1.3300,9.6200,1.4165
38750.0,-1.4200,9.7200,1.5663
38800.0,-1.3100,9.6200,1.4982
38850.0,-1.3800,9.7000,1.6072
38900.0,-1.3300,9.6600,1.4165
38950.0,-1.3300,9.7200,1.5663
39000.0,-1.1800,9.6600,1.4982
39050.0,-1.2700,9.6600,1.6072
39100.0,-1.2700,9.6600,1.5663
39150.0,-1.4200,9.7200,1.5391
39200.0,-1.3800,9.7000,1.5663
39250.0,-1.3300,9.6600,1.5663
39300.0,-1.2300,9.7000,1.6481
39350.0,-1.1800,9.6600,1.5663
39400.0,-1.1800,9.6600,1.5663
39450.0,-1.2700,9.7000,1.5663
39500.0,-1.2700,9.7000,1.5663
39550.0,-1.3300,9.7000,1.5391
39600.0,-1.3300,9.7000,1.5663
39650.0,-1.3300,9.7000,1.4982
39700.0,-1.2300,9.6600,1.5391
39750.0,-1.2300,9.6200,1.6072
39800.0,-1.2300,9.7200,1.6072
39850.0,-1.1800,9.7000,1.4574
39900.0,-1.1800,9.7700,1.4574
39950.0,-1.3100,9.6200,1.4574
40000.0,-1.2300,9.6200,1.3757
40050.0,-1.3800,9.7700,1.4574
40100.0,-1.4200,9.6600,1.3348
40150.0,-1.4200,9.8100,1.4165
40200.0,-1.3100,9.6200,1.4165
40250.0,-1.2300,9.8500,1.5391
40300.0,-1.0800,9.6200,1.4574
40350.0,-1.0400,9.7000,1.5663
40400.0,-1.1400,9.6600,1.4574
40450.0,-1.1200,9.7700,1.5663
40500.0,-1.2300,9.5300,1.4982
40550.0,-1.3800,9.7700,1.3348
40600.0,-1.5700,9.7700,1.3076
40650.0,-1.5700,9.5800,1.3348
40700.0,-1.5300,9.7000,1.3757
40750.0,-1.5000,9.7000,1.3348
40800.0,-1.5300,9.8500,1.4165
40850.0,-1.4600,9.6600,1.3076
40900.0,-1.3800,9.7200,1.3348
40950.0,-1.3800,9.6600,1.3348
41000.0,-1.2300,9.6600,1.3757
41050.0,-1.2300,9.7200,1.4165
41100.0,-1.2700,9.7700,1.2258
41150.0,-1.5300,9.9200,1.1850
41200.0,-1.6500,9.6600,1.0760
41250.0,-1.7300,9.7700,1.2258
41300.0,-1.3800,9.6200,1.3348
41350.0,-1.1800,9.7200,1.5391
41400.0,-0.8000,9.5100,1.6072
41450.0,-0.8000,9.7700,1.6889
41500.0,-1.3100,9.7700,1.4574
41550.0,-1.6500,9.7200,1.3076
41600.0,-1.5700,9.6600,1.2667
41650.0,-1.1400,9.5100,1.6072
41700.0,-0.6900,9.6600,1.8387
41750.0,-0.3400,9.7000,1.8796
41800.0,-0.6100,9.8100,1.7298
41850.0,-1.0400,9.8500,1.4982
41900.0,-1.2700,9.7200,1.2667
41950.0,-1.5300,9.5300,1.2667
42000.0,-1.5300,9.6200,1.2667
42050.0,-1.3800,9.5800,1.3757
42100.0,-1.0800,9.6600,1.5391
42150.0,-1.4200,9.9600,1.4165
42200.0,-1.3800,9.9600,1.3076
42250.0,-1.3100,9.7200,1.3348
42300.0,-1.1400,9.5800,1.3757
42350.0,-1.3100,9.7700,1.3076
42400.0,-1.4200,9.7200,1.1850
42450.0,-1.3300,9.6600,1.3348
42500.0,-1.6100,9.8100,1.3757
42550.0,-1.8800,9.9600,1.2667
42600.0,-1.4600,9.6600,1.4982
42650.0,-0.7200,9.5100,1.8796
42700.0,-0.3400,9.5100,2.0703
42750.0,-0.3400,9.5100,2.0703
42800.0,-0.9900,9.7000,1.9886
42850.0,-1.0800,9.4700,1.6481
42900.0,-1.2700,9.7000,1.8796
42950.0,-0.9100,9.7200,1.8796
43000.0,-0.9100,9.7200,1.7298
43050.0,-1.2300,9.7200,1.5663
43100.0,-1.3100,9.6200,1.4574
43150.0,-1.3300,9.5800,1.4574
43200.0,-0.9900,9.7700,1.7298
43250.0,-0.8000,9.6200,1.8387
43300.0,-0.8900,9.5300,1.8796
43350.0,-1.0400,9.7000,1.7979
43400.0,-1.0400,9.5300,1.9477
43450.0,-0.9500,9.5800,1.9886
43500.0,-0.9100,9.6200,1.7979
43550.0,-0.9500,9.6200,1.7979
43600.0,-1.1200,9.7200,1.9205
43650.0,-1.1200,9.7200,1.9205
43700.0,-1.2300,9.5800,1.6481
43750.0,-1.2300,9.7700,1.7570
43800.0,-0.8900,9.5300,1.7570
43850.0,-0.8400,9.5300,1.8796
43900.0,-0.8000,9.7000,1.7298
43950.0,-1.0400,9.8100,1.6481
44000.0,-1.2300,9.7700,1.3757
44050.0,-1.4200,9.7000,1.5391
44100.0,-1.1400,9.6600,1.5663
44150.0,-1.0800,9.7000,1.7570
44200.0,-0.8900,9.6200,1.7570
44250.0,-1.0800,9.7200,1.7979
44300.0,-0.9900,9.7000,1.7298
44350.0,-1.1400,9.6600,1.7570
44400.0,-0.9500,9.6600,1.6889
44450.0,-0.9900,9.6600,1.6481
44500.0,-0.8400,9.6200,1.5391
44550.0,-1.0800,9.5100,1.4982
44600.0,-1.1200,9.7700,1.3757
44650.0,-1.3800,10.0000,1.3076
44700.0,-1.8800,9.7000,1.1169
44750.0,-1.2700,9.5800,1.0760
44800.0,-1.2700,9.9200,1.2258
44850.0,-1.4600,9.7200,1.3348
44900.0,-1.4600,9.6200,0.9943
44950.0,-1.6100,9.8900,1.1850
45000.0,-1.4200,9.8100,1.2667
45050.0,-1.2300,9.5800,1.1850
45100.0,-1.3300,9.7000,1.2667
45150.0,-1.5300,9.5300,0.9534
45200.0,-1.3800,9.3400,1.2667
45250.0,-0.8400,9.3000,1.4574
45300.0,-1.0400,9.9200,1.6481
45350.0,-1.1400,10.2300,1.6072
45400.0,-1.5300,10.1500,1.0760
45450.0,-1.6900,9.8100,0.9262
45500.0,-1.8000,9.6600,0.6946
45550.0,-2.2600,9.8900,0.8853
45600.0,-2.2200,9.7700,1.0351
45650.0,-2.0700,10.1200,1.6072
45700.0,-1.8000,9.5300,1.5663
45750.0,-1.4600,9.1500,1.6481
45800.0,-1.3800,9.5300,1.7979
45850.0,-1.3100,9.3800,1.5663
45900.0,-1.9200,9.2800,1.0351
45950.0,-1.9500,9.3000,0.5721
46000.0,-2.0700,10.0400,0.5312
46050.0,-1.5000,9.7000,0.3814
46100.0,0.1100,9.8100,-0.0000
46150.0,1.8400,10.0000,0.0817
46200.0,0.5000,10.1900,0.0817
46250.0,0.6900,10.7300,0.1090
46300.0,1.5000,9.4300,-0.4222
46350.0,0.1900,9.3400,-0.6538
46400.0,-0.2300,10.7600,-2.2201
46450.0,-1.1800,10.1500,-1.3076
46500.0,-0.7200,9.9600,-0.5721
46550.0,-2.1400,10.6900,0.8036
46600.0,-1.9500,10.4600,-0.4631
46650.0,-2.0700,9.5100,-0.5312
46700.0,-3.3000,9.6200,0.8445
46750.0,-2.3400,9.5100,1.7298
46800.0,-1.8000,9.8900,2.5334
46850.0,-2.1800,9.5800,3.3370
46900.0,-1.5300,9.0800,2.8739
46950.0,-0.3000,8.5800,3.2553
47000.0,-1.3300,9.3000,3.9090
47050.0,-1.6500,9.2800,3.1054
47100.0,-1.2700,9.6200,2.9829
47150.0,-1.7600,9.7700,2.9829
47200.0,-0.2300,9.0800,3.1463
47250.0,0.5700,8.4700,3.4051
47300.0,-0.5700,9.1900,3.5958
47350.0,-1.1200,9.1900,3.0237
47400.0,-0.6500,8.6900,2.3427
47450.0,-1.3100,9.1100,2.8330
47500.0,-1.7600,9.5800,2.5606
47550.0,-1.1400,9.8100,2.7922
47600.0,-0.5700,9.4300,2.5334
47650.0,-0.9900,9.3800,2.3018
47700.0,-1.1200,9.2800,2.1112
47750.0,-1.7300,9.8900,1.9205
47800.0,-2.2200,9.5800,1.5663
47850.0,-1.8000,9.9200,1.6889
47900.0,-1.5700,9.9600,1.7979
47950.0,-0.8400,9.5100,1.7570
48000.0,-1.0800,8.9200,1.5391
48050.0,-1.1200,9.6200,1.7979
48100.0,-1.0800,9.7700,1.5663
48150.0,-1.5000,9.8900,1.6072
48200.0,-1.5000,9.8900,1.6072
48250.0,-1.4200,9.8100,1.1850
48300.0,-1.8800,9.4300,1.1850
48350.0,-2.1800,9.5800,0.9534
48400.0,-2.2600,9.6200,1.0760
48450.0,-1.9200,9.8500,1.3757
48500.0,-1.6100,10.0800,1.3348
48550.0,-1.1200,9.7700,1.2667
48600.0,-1.2300,9.3800,1.1169
48650.0,-1.3100,9.6600,1.2258
48700.0,-1.3300,9.6200,1.1850
48750.0,-1.2300,9.7200,1.3348
48800.0,-1.3800,9.8500,1.2667
48850.0,-1.3300,9.7000,1.1441
48900.0,-1.3300,9.6600,1.1169
48950.0,-1.5300,9.6200,1.0351
49000.0,-1.6100,9.7200,1.0351
49050.0,-1.6100,9.7000,1.0760
49100.0,-1.3800,9.6200,1.1441
49150.0,-1.3300,9.7000,1.2667
49200.0,-1.3800,9.7200,1.1441
49250.0,-1.6900,9.7700,1.0760
49300.0,-1.9500,9.7700,0.7627
49350.0,-1.4600,9.5300,0.7627
49400.0,-1.5000,9.5300,1.0351
49450.0,-1.5000,9.5300,1.0351
49500.0,-1.8400,10.0400,1.2667
49550.0,-1.7600,9.8100,1.0351
49600.0,-1.7600,9.8100,1.0351
49650.0,-1.9500,9.8100,0.6946
49700.0,-2.0700,9.8900,0.5721
49750.0,-1.9900,9.6200,0.6946
49800.0,-1.6100,9.6200,0.9262
49850.0,-1.3100,9.5800,1.1169
49900.0,-1.3100,9.5300,1.2667
49950.0,-1.3300,9.6600,1.2258
50000.0,-1.5000,9.8900,1.3348
50050.0,-1.6900,9.9200,1.3076
50100.0,-1.7300,9.7200,1.1850
50150.0,-1.6100,9.5800,1.0351
50200.0,-1.5700,9.5100,1.1169
50250.0,-1.3300,9.5800,1.1169
50300.0,-1.5000,9.7700,1.1441
50350.0,-1.3800,9.6600,1.0351
50400.0,-1.4200,9.5800,1.1850
50450.0,-1.3300,9.6600,1.0760
50500.0,-1.7300,9.8500,1.1169
50550.0,-1.7600,9.8100,1.0760
50600.0,-1.7600,9.7200,0.9262
50650.0,-1.7600,9.7000,0.9262
50700.0,-1.7300,9.5800,0.7219
50750.0,-1.6100,9.5300,0.8036
50800.0,-1.4200,9.7700,0.8036
50850.0,-1.4600,9.9200,0.9534
50900.0,-1.1800,9.7200,0.7627
50950.0,-1.8000,9.8100,0.7219
51000.0,-1.6900,9.7200,0.5312
51050.0,-1.9500,9.7700,0.5721
51100.0,-2.4900,9.8100,0.3814
51150.0,-2.0300,10.0800,0.2724
51200.0,-0.9100,9.5300,0.6129
51250.0,-1.2300,9.5300,0.5312
51300.0,-1.8400,9.8900,0.3814
51350.0,-2.9100,10.0800,0.0817
51400.0,-2.0300,9.3000,0.5721
51450.0,-0.8000,9.4300,0.8036
51500.0,-0.4200,9.7700,0.6129
51550.0,-0.9500,10.4600,0.6129
51600.0,-2.2200,10.3100,0.5312
51650.0,-2.5600,10.0800,-0.4222
51700.0,-2.5600,9.4300,-0.2996
51750.0,-2.6000,9.1900,-0.0000
51800.0,-1.4600,9.5800,0.2315
51850.0,-0.4600,10.0400,0.6538
51900.0,-0.4200,10.0000,1.3076
51950.0,-0.9100,10.0400,0.8445
52000.0,-0.9900,9.5300,0.6946
52050.0,-1.6100,9.6600,0.5721
52100.0,-2.3000,9.8900,0.6129
52150.0,-1.9200,9.9600,0.2724
52200.0,-2.0300,9.8500,0.4222
52250.0,-1.7600,9.7000,0.5040
52300.0,-1.8400,9.7000,0.5040
52350.0,-2.1100,9.6200,0.5040
52400.0,-2.4100,10.1500,0.7219
52450.0,-2.0300,9.9200,0.4631
52500.0,-1.8400,9.5300,0.5040
52550.0,-1.4200,9.4300,0.8853
52600.0,-1.1400,9.4300,0.9534
52650.0,-1.4600,9.8900,1.0760
52700.0,-1.6900,9.8500,0.8036
52750.0,-1.9200,9.6200,0.7627
52800.0,-1.6100,9.2800,1.1850
52850.0,-1.1200,9.7200,1.1850
52900.0,-1.2700,10.3400,1.2258
52950.0,-1.9200,9.8500,1.1169
53000.0,-2.1400,9.8500,0.4631
53050.0,-1.8400,9.4300,0.3405
53100.0,-1.6900,9.5100,0.7627
53150.0,-1.1800,9.5800,0.6538
53200.0,-1.6900,10.1500,0.8036
53250.0,-2.1100,10.0400,0.5312
53300.0,-2.5600,9.8100,0.4222
53350.0,-2.2600,9.4300,0.3133
53400.0,-2.0700,9.6600,0.5721
53450.0,-1.5700,9.6200,0.6129
53500.0,-1.9500,9.8500,0.7627
53550.0,-2.0300,10.0000,0.5721
53600.0,-1.5000,9.6200,0.6129
53650.0,-1.2700,9.4700,0.8853
53700.0,-1.0800,9.7200,1.0351
53750.0,-1.1800,10.0800,1.1441
53800.0,-1.4200,10.1200,0.8853
53850.0,-1.3300,9.3400,0.5721
53900.0,-1.6900,9.6200,0.4631
53950.0,-1.6500,9.8500,0.4631
54000.0,-1.6900,9.8500,0.7219
54050.0,-1.5700,9.7700,0.7219
54100.0,-1.2700,9.7700,0.9534
54150.0,-1.3100,9.8900,0.9262
54200.0,-1.3300,9.7200,0.7627
54250.0,-1.5700,9.7000,0.7219
54300.0,-1.8800,9.7000,0.5040
54350.0,-1.3100,9.5800,0.5721
54400.0,-1.2700,9.8100,0.6946
54450.0,-1.1800,9.7000,0.7627
54500.0,-1.5000,9.7200,0.8445
54550.0,-1.5300,9.9200,0.8853
54600.0,-1.2700,10.1200,0.9262
54650.0,-1.6100,10.0400,1.0760
54700.0,-1.6500,9.5800,0.7627
54750.0,-1.6900,8.4300,-0.0000
54800.0,-1.6500,11.3500,0.6946
54850.0,-2.1800,9.0000,0.3133
54900.0,-1.2700,9.8500,-0.0817
54950.0,-1.8800,10.2300,-0.0000
55000.0,-2.1400,9.7000,0.6538
55050.0,-1.3300,9.8500,0.2315
55100.0,-0.8900,9.4300,0.8036
55150.0,-0.8900,10.1200,1.2258
55200.0,-1.2700,10.5300,1.4165
55250.0,-1.3100,9.6600,1.0351
55300.0,-0.8900,9.5300,0.8853
55350.0,-0.9900,9.7000,0.9943
55400.0,-1.1200,9.8500,0.9943
55450.0,-0.8000,9.6200,1.2258
55500.0,-0.7200,10.0000,1.1850
55550.0,-1.1200,10.0000,1.1850
55600.0,-1.3100,9.5300,0.9262
55650.0,-1.3100,9.5300,0.9262
55700.0,-1.3300,9.6600,0.9262
55750.0,-1.4200,9.8100,0.9943
55800.0,-1.4200,9.8100,0.9943
55850.0,-1.3100,9.7700,1.0351
55900.0,-1.1400,9.7000,0.9943
55950.0,-1.1800,9.8900,1.0760
56000.0,-1.1800,9.6600,0.9534
56050.0,-1.2300,9.8500,1.1441
56100.0,-1.0800,9.7700,0.9534
56150.0,-1.1400,9.7700,1.1441
56200.0,-1.1400,9.8500,1.1441
56250.0,-0.9500,9.7700,1.1169
56300.0,-1.0400,9.8100,1.2258
56350.0,-0.7600,9.5800,1.1850
56400.0,-0.6900,9.9200,1.3076
56450.0,-0.8400,9.8100,1.2258
56500.0,-1.1800,9.7700,1.1169
56550.0,-1.2700,9.8100,1.0351
56600.0,-1.2700,9.7200,0.9262
56650.0,-1.2300,9.7700,0.9534
56700.0,-1.1800,9.7700,0.8853
56750.0,-1.2700,9.8500,0.9262
56800.0,-1.1800,9.7000,0.8445
56850.0,-1.3100,9.8100,0.9262
56900.0,-1.2700,9.7000,0.9262
56950.0,-1.1800,9.8100,0.9534
57000.0,-1.3100,9.8900,0.9534
57050.0,-1.1800,9.7200,0.8445
57100.0,-1.3800,9.8100,0.8445
57150.0,-1.3300,9.6600,0.6538
57200.0,-1.7300,9.8900,0.6538
57250.0,-1.6900,9.7700,0.5721
57300.0,-1.9900,9.9600,0.5721
57350.0,-1.9200,9.7700,0.5040
57400.0,-1.8800,9.7700,0.5040
57450.0,-1.8000,9.8100,0.5721
57500.0,-1.4600,9.7000,0.6129
57550.0,-1.3100,9.8500,0.8445
57600.0,-1.1800,9.7000,0.8853
57650.0,-1.1200,9.9200,1.0351
57700.0,-0.9500,9.6600,0.9262
57750.0,-1.1400,10.0400,0.9262
57800.0,-1.0800,9.7700,0.8036
57850.0,-0.9500,9.8100,0.9534
57900.0,-0.8400,9.7000,0.9534
57950.0,-0.7600,9.8100,1.1441
58000.0,-0.6500,9.7200,1.0760
58050.0,-0.6900,9.8900,1.1850
58100.0,-0.5700,9.7700,1.2258
58150.0,-0.6500,9.8500,1.1850
58200.0,-0.6900,9.5800,1.1169
58250.0,-0.8400,9.7700,1.4165
58300.0,-0.5700,9.7700,1.7298
58350.0,-0.5300,9.8500,1.9477
58400.0,-0.5700,9.6600,1.8387
58450.0,-0.6100,9.5800,1.5663
58500.0,-0.5700,9.7200,1.5663
58550.0,-0.6900,9.9600,1.6889
58600.0,-0.6100,9.7700,1.3757
58650.0,-0.6900,9.7700,1.1850
58700.0,-0.8900,9.7700,1.1441
58750.0,-1.0400,9.7700,0.9534
58800.0,-1.1200,9.7700,0.9534
58850.0,-1.1200,9.7700,0.9534
58900.0,-1.1200,9.6600,0.9262
58950.0,-1.2300,9.8100,0.9534
59000.0,-1.2300,9.8100,0.9534
59050.0,-1.2700,9.7200,0.8445
59100.0,-1.3100,9.8900,0.8853
59150.0,-1.5000,9.8500,0.9534
59200.0,-1.2700,9.7700,1.1441
59250.0,-1.1800,9.7700,1.3348
59300.0,-1.3100,9.8500,1.1850
59350.0,-1.6100,9.5800,0.8853
59400.0,-1.8000,9.3800,0.7627
59450.0,-1.7300,9.8900,0.6946
59500.0,-1.6100,10.1200,0.8036
59550.0,-1.3300,9.8100,0.5312
59600.0,-1.4600,9.7000,0.2724
59650.0,-1.2700,9.7000,0.4631
59700.0,-0.8400,9.9600,0.3814
59750.0,-0.7600,9.7700,0.5040
59800.0,-0.2300,9.7000,0.5721
59850.0,-0.6500,9.8900,0.5312
59900.0,-1.1400,10.0000,0.4631
59950.0,-1.1800,10.0000,0.4222
60000.0,-0.9500,9.7700,0.4222
60050.0,-0.7600,9.8900,0.6129
60100.0,-0.3800,9.7700,0.5040
60150.0,-0.7600,9.8500,0.5721
60200.0,-1.0800,9.8100,0.5312
60250.0,-1.3100,10.0000,0.5040
60300.0,-1.2300,9.8900,0.5312
60350.0,-1.1800,9.9200,0.5312
60400.0,-1.2300,9.8500,0.3814
60450.0,-1.1800,9.7700,0.2315
60500.0,-1.0800,9.8100,0.2315
60550.0,-1.0800,10.0000,0.3133
60600.0,-1.1800,9.7700,0.5721
60650.0,-0.8900,9.4700,0.7627
60700.0,-0.1500,9.7700,0.9943
60750.0,0.0400,9.8500,1.0760
60800.0,-0.3000,9.9200,0.9262
60850.0,-0.8900,9.9600,0.9262
60900.0,0.0000,10.0400,0.9534
60950.0,0.3800,9.8500,0.9943
61000.0,0.1100,9.6600,0.7627
61050.0,0.3100,9.8900,0.6946
61100.0,0.4200,9.7700,0.7627
61150.0,0.3800,9.9600,0.5312
61200.0,-0.1500,9.9600,0.4222
61250.0,-0.1900,9.9600,0.8036
61300.0,-0.0800,10.1500,1.1850
61350.0,0.6900,9.7200,0.7219
61400.0,0.7600,9.7200,0.4631
61450.0,0.1900,9.8100,0.2315
61500.0,-0.4200,9.8900,0.1498
61550.0,-0.8900,9.9600,-0.0000
61600.0,-0.5000,9.9200,0.2724
61650.0,-0.3000,9.8500,0.4222
61700.0,-0.4200,9.8900,0.3405
61750.0,-0.7200,9.9600,0.1090
61800.0,-0.3400,9.8900,0.1907
61850.0,0.0000,9.9600,0.1498
61900.0,-0.1500,9.8500,0.2724
61950.0,-0.3800,9.9200,0.2724
62000.0,-0.4200,9.9200,0.1090
62050.0,-0.3000,9.9600,0.2315
62100.0,-0.2700,9.8100,0.2724
62150.0,-0.1900,9.9200,0.4222
62200.0,0.0800,9.8900,0.8853
62250.0,-0.0400,10.1200,0.7627
62300.0,0.0800,9.8900,0.4631
62350.0,-0.3800,9.7700,0.2315
62400.0,-0.8400,9.8900,0.1498
62450.0,-0.9100,9.8100,0.0817
62500.0,-0.5000,9.6600,0.2315
62550.0,-0.1900,9.9600,0.5721
62600.0,-0.4200,9.8900,0.8853
62650.0,-0.2300,9.8100,0.8445
62700.0,0.0000,9.9600,0.8036
62750.0,-0.1900,9.8100,0.9943
62800.0,-0.5300,9.9200,1.0760
62850.0,-0.2700,9.8900,1.0351
62900.0,-0.2700,9.8500,0.8445
62950.0,-0.5300,9.8100,0.5721
63000.0,-1.1400,9.8900,0.1498
63050.0,-1.4600,9.8900,-0.0000
63100.0,-1.3100,9.8100,0.0817
63150.0,3.0600,11.7300,3.0646
63200.0,-6.6600,6.3200,-1.2258
63250.0,1.1200,12.4100,1.1169
63300.0,-2.9800,9.1500,-0.4222
63350.0,-2.1100,10.4200,1.7979
63400.0,-1.3100,9.3400,0.1090
63450.0,-1.5000,9.8500,1.1850
63500.0,-1.0800,9.7200,0.5312
63550.0,-1.1400,9.7700,1.0760
63600.0,-0.9100,9.8100,0.8853
63650.0,-0.5000,9.8500,1.0351
63700.0,-0.5700,9.8900,0.8853
63750.0,-0.6500,9.7200,0.8445
63800.0,-0.7200,9.8100,0.5312
63850.0,-0.9500,9.8900,0.5312
63900.0,-0.9100,9.7700,0.4631
63950.0,-0.9500,9.8900,0.5312
64000.0,-1.0400,9.8100,0.4222
64050.0,-1.0800,9.8900,0.4222
64100.0,-1.1400,9.8100,0.3814
64150.0,-1.1400,9.7700,0.2724
64200.0,-1.3800,9.8100,0.4631
64250.0,-1.2300,9.7200,0.3814
64300.0,-1.5300,10.0400,0.5721
64350.0,-1.6500,9.7200,0.4222
64400.0,-1.8800,9.8900,0.4222
64450.0,-1.8000,9.7700,0.2724
64500.0,-1.8400,9.8500,0.3405
64550.0,-1.6500,9.6600,0.1498
64600.0,-1.9500,9.9600,0.3133
64650.0,-1.8800,9.6600,0.1090
64700.0,-1.7600,9.8900,0.1907
64750.0,-1.9200,9.8500,0.1907
64800.0,-1.7600,9.8100,0.1498
64850.0,-1.9500,9.8100,0.1907
64900.0,-1.6500,9.8900,0.1907
64950.0,-1.8000,9.9200,0.2315
65000.0,-1.8000,9.7700,0.2315
65050.0,-2.1400,9.9600,0.1498
65100.0,-2.0700,9.7200,0.0817
65150.0,-1.9900,9.9600,0.2315
65200.0,-1.7300,9.8100,0.2315
65250.0,-1.0400,9.8500,0.4222
65300.0,-0.6900,9.8500,0.6946
65350.0,-0.4200,9.7700,0.9534
65400.0,-0.4600,9.7700,1.2667
65450.0,-0.2300,9.7200,1.3348
65500.0,-0.1900,9.6600,1.4574
65550.0,-0.1900,9.7200,1.4574
65600.0,-0.5000,9.5300,1.5663
65650.0,-0.5300,9.7700,1.4982
65700.0,-0.8900,9.8500,1.5391
65750.0,-0.7600,9.7000,1.5663
65800.0,-0.5700,9.6600,1.5663
65850.0,-0.6500,9.7200,1.6889
65900.0,-0.6900,9.8100,1.6481
65950.0,-0.5300,9.6600,1.5391
66000.0,-0.8000,9.6600,1.4165
66050.0,-1.0400,9.7200,1.3076
66100.0,-1.4200,9.8500,1.1441
66150.0,-1.5000,9.8500,1.1169
66200.0,-1.2300,9.7200,1.0760
66250.0,-0.8000,9.6600,1.1169
66300.0,-0.6500,9.7700,1.2667
66350.0,-0.5300,9.7200,1.2258
66400.0,-0.6500,9.8100,1.2667
66450.0,-0.9100,9.8500,1.1850
66500.0,-1.0400,9.8100,1.1169
66550.0,-1.2700,9.7700,1.0351
66600.0,-1.3100,9.7200,0.9534
66650.0,-1.2700,9.8100,0.9943
66700.0,-1.3300,9.7200,0.9943
66750.0,-1.3800,9.8100,1.0351
66800.0,-1.3800,9.8100,1.0351
66850.0,-1.4200,9.8100,1.0351
66900.0,-1.3100,9.8100,1.0351
66950.0,-1.1800,9.8100,1.0351
67000.0,-1.0800,9.7200,1.0351
67050.0,-0.9500,9.8100,1.1169
67100.0,-1.0800,9.7700,1.1169
67150.0,-0.9500,9.8900,1.1169
67200.0,-1.0800,9.8500,1.1441
67250.0,-0.8400,9.8100,1.0760
67300.0,-0.8000,9.7000,1.1169
67350.0,-0.7200,9.7700,1.0351
67400.0,-0.8000,9.8100,0.9943
67450.0,-0.9900,9.8100,0.9534
67500.0,-0.9100,9.7700,0.8853
67550.0,-1.1400,9.7700,0.8853
67600.0,-1.1200,9.8500,0.8445
67650.0,-1.3100,9.8900,0.9262
67700.0,-0.9500,9.8100,0.9943
67750.0,-0.9500,9.7700,0.9534
67800.0,-0.8900,9.8900,1.0351
67850.0,-0.8900,9.7700,0.9943
67900.0,-0.9100,9.8500,0.9534
67950.0,-1.0400,9.7200,0.9534
68000.0,-1.0400,9.7200,0.9534
68050.0,-1.0400,9.7200,0.9534
68100.0,-1.1800,9.8500,0.8853
68150.0,-0.9900,9.8500,0.9262
68200.0,-0.8400,9.7700,0.8853
68250.0,-0.8400,9.8100,0.8036
68300.0,-0.8000,10.0800,0.6129
68350.0,-1.0400,9.5300,0.8036
68400.0,-1.0800,9.8500,0.6538
68450.0,-1.3300,9.7700,0.9262
68500.0,-1.3100,9.7200,0.9943
68550.0,-1.3300,9.8100,0.9943
68600.0,-1.2700,9.8500,1.0351
68650.0,-1.1800,9.7700,0.9534
68700.0,-1.3100,9.8500,0.9534
68750.0,-1.3100,9.8100,0.9943
68800.0,-1.0800,9.7700,0.9943
68850.0,-1.1400,9.8100,0.9943
68900.0,-0.9900,9.7200,0.9534
68950.0,-0.9900,9.8900,0.9534
69000.0,-0.8900,9.7200,0.9262
69050.0,-1.1200,9.9200,0.9943
69100.0,-1.2300,9.7700,0.8853
69150.0,-1.2300,9.7700,0.8853
69200.0,-1.3300,9.8900,0.9262
69250.0,-1.2700,9.7700,0.8445
69300.0,-1.1800,9.8500,0.9262
69350.0,-1.3100,9.8100,0.9534
69400.0,-1.1800,9.7700,0.9262
69450.0,-1.1800,9.8900,0.9534
69500.0,-1.0800,9.7200,0.8853
69550.0,-1.0800,9.8900,0.9262
69600.0,-1.0800,9.7200,0.8853
69650.0,-0.9900,9.8900,0.9262
69700.0,-1.1200,9.7700,0.9262
69750.0,-1.0800,9.8500,0.9534
69800.0,-1.1200,9.7200,1.0351
69850.0,-1.0400,9.8100,0.9534
69900.0,-1.0800,9.8100,0.9943
69950.0,-1.0800,9.8100,0.9943
70000.0,-1.0400,9.8100,0.9943
70050.0,-1.0400,9.8900,0.9534
70100.0,-0.8900,9.7700,0.9534
70150.0,-0.8000,9.8100,0.9534
70200.0,-0.8900,9.8500,1.0351
70250.0,-0.8400,9.8100,0.9534
70300.0,-0.8400,9.8900,0.9943
70350.0,-0.8000,9.7700,1.0351
70400.0,-0.7200,9.8100,1.0760
70450.0,-0.7200,9.8100,1.1169
70500.0,-0.8900,9.8500,1.0760
70550.0,-0.8000,9.8100,1.0760
70600.0,-0.7200,9.8100,1.1441
70650.0,-0.7600,9.7700,1.0760
70700.0,-0.7200,9.7700,1.0760
70750.0,-0.8000,9.7700,1.0760
70800.0,-0.7600,9.9200,1.1441
70850.0,-0.8000,9.8100,1.1850
70900.0,-0.5700,9.9600,1.1169
70950.0,-0.3800,9.6600,0.8853
71000.0,-0.8000,9.5800,0.7219
71050.0,-1.0800,9.7200,0.6538
71100.0,-1.2700,9.8500,0.6538
71150.0,-1.3800,10.0800,0.6538
71200.0,-1.4200,9.8900,0.5721
71250.0,-1.5700,9.7700,0.5721
71300.0,-1.6100,9.8900,0.5040
71350.0,-1.5700,9.9200,0.5040
71400.0,-1.3100,9.8100,0.4631
71450.0,-1.2300,9.7000,0.5040
71500.0,-1.2300,9.6600,0.5721
71550.0,-1.3800,10.0000,0.7219
71600.0,-1.3300,9.7200,0.7627
71650.0,-1.0400,10.0000,0.7627
71700.0,-1.3300,9.7000,0.6946
71750.0,-1.4200,9.8500,0.7219
71800.0,-1.4600,9.8900,0.8853
71850.0,-1.3300,9.8500,0.8036
71900.0,-1.3800,9.7200,0.8036
71950.0,-1.4600,9.8900,0.7219
72000.0,-1.6500,9.8100,0.6946
72050.0,-1.6500,9.8500,0.6946
72100.0,-1.5700,9.7000,0.6538
72150.0,-1.5000,9.9200,0.7219
72200.0,-1.5300,9.7700,0.7627
72250.0,-1.2700,9.8100,0.6946
72300.0,-1.3800,9.8500,0.8853
72350.0,-1.0800,9.6600,0.6946
72400.0,-1.2300,9.9200,0.9262
72450.0,-1.0800,9.7000,0.8445
72500.0,-1.0800,10.0000,1.1169
72550.0,-0.8900,9.5800,1.0351
72600.0,-0.8000,9.8900,0.9943
72650.0,-0.9100,9.6600,0.8853
72700.0,-0.9500,10.1200,1.0760
72750.0,-1.0400,9.6600,0.8853
72800.0,-1.0400,9.9600,0.9943
72850.0,-0.9500,9.6200,0.9534
72900.0,-0.8900,9.9200,1.0760
72950.0,-0.8900,9.7700,1.0760
73000.0,-0.7200,9.8900,1.1169
73050.0,-0.8400,9.8500,1.0351
73100.0,-0.8400,9.8100,1.0760
73150.0,-0.8000,9.8500,1.1441
73200.0,-0.7200,9.7200,1.0351
73250.0,-0.7600,9.8900,1.1441
73300.0,-0.9500,9.7700,1.0760
73350.0,-0.9100,9.8900,0.9943
73400.0,-1.1200,9.8100,0.9534
73450.0,-1.0800,9.8100,0.9534
73500.0,-1.1800,9.8500,0.9262
73550.0,-1.1200,9.7700,0.9262
73600.0,-1.1800,9.9200,1.1169
73650.0,-0.9500,9.8500,1.0351
73700.0,-0.9500,9.8500,1.0351
73750.0,-0.9100,9.7000,0.9262
73800.0,-1.0400,9.8100,0.9943
73850.0,-0.8900,9.8900,0.9943
73900.0,-0.8900,9.8500,0.9534
73950.0,-0.9900,9.9600,0.9943
74000.0,-1.0800,9.7200,0.8853
74050.0,-0.9500,9.8900,0.9534
74100.0,-0.8900,9.7700,0.8853
74150.0,-0.7600,9.8500,0.8853
74200.0,-0.6500,9.8500,0.9943
74250.0,-0.6500,9.8500,0.9943
74300.0,-0.3400,9.8500,1.1850
74350.0,-0.4600,9.9600,0.9534
74400.0,-0.7200,10.3100,0.6538
74450.0,-0.9100,10.8400,0.1498
74500.0,-1.1800,8.8900,0.8036
74550.0,-1.2300,9.3000,0.3814
74600.0,-1.1400,10.1900,0.5312
74650.0,-1.5700,9.6200,0.5312
74700.0,-1.9900,9.8500,0.7219
74750.0,-1.5700,9.7700,0.7627
74800.0,-1.4200,9.5100,1.1169
74850.0,-1.0400,9.8500,1.2667
74900.0,-0.8900,9.8900,1.3757
74950.0,-0.6100,9.7200,1.3348
75000.0,-0.9100,9.9200,1.3348
75050.0,-1.1200,9.6200,1.1169
75100.0,-1.1200,9.6200,1.1169
75150.0,-1.1200,10.1200,1.1169
75200.0,-0.7200,9.3400,0.8853
75250.0,-0.8400,9.8500,0.9534
75300.0,-1.1200,9.7200,0.7627
75350.0,-1.0400,9.9600,0.6538
75400.0,-1.1200,9.5800,0.6129
75450.0,-1.0800,10.0000,0.6538
75500.0,-1.3800,10.3400,0.3133
75550.0,-1.1800,9.8100,0.0817
75600.0,-0.8900,10.6100,0.0409
75650.0,-0.9500,9.9600,-0.0000
75700.0,-0.1100,9.7700,0.0409
75750.0,-0.1900,10.0000,-0.4200
75800.0,-0.2700,9.9600,-0.3400
75850.0,-0.3000,10.0000,-0.2700
75900.0,-0.1900,9.9600,-0.3800
75950.0,-0.2300,10.0000,-0.3400
76000.0,-0.3000,9.9600,-0.3400
76050.0,-0.3000,9.9600,-0.3000
76100.0,-0.2700,9.9600,-0.3000
76150.0,-0.3400,10.0000,-0.3000
76200.0,-0.3400,10.0000,-0.3000
76250.0,-0.3400,9.9600,-0.3400
76300.0,-0.3000,9.9600,-0.3800
76350.0,-0.4200,9.9600,-0.4200
76400.0,-0.3800,9.9200,-0.3400
76450.0,-0.3800,9.9600,-0.3400
76500.0,-0.3800,9.9600,-0.3800
76550.0,-0.3800,9.9600,-0.4200
76600.0,-0.5000,9.9600,-0.4600
76650.0,-0.4600,9.9600,-0.3400
76700.0,-0.3000,10.0000,-0.3400
76750.0,-0.2700,10.0000,-0.3000
76800.0,-0.3000,9.9600,-0.4200
76850.0,-0.4600,9.9600,-0.5000
76900.0,-0.5300,9.9600,-0.5700
76950.0,-0.4200,9.9600,-0.4200
77000.0,-0.4200,10.0000,-0.3800
77050.0,-0.3400,10.0000,-0.4200
77100.0,-0.3800,10.0000,-0.5000
77150.0,-0.3800,9.9600,-0.5300
77200.0,-0.3400,9.9600,-0.5000
77250.0,-0.3400,10.0000,-0.4200
77300.0,-0.3400,10.0000,-0.4200
77350.0,-0.4200,10.0000,-0.3800
77400.0,-0.5000,9.9600,-0.6100
77450.0,-0.3800,9.9600,-0.5300
77500.0,-0.2700,10.0000,-0.4600
77550.0,-0.3000,10.0000,-0.4200
77600.0,-0.3400,10.0400,-0.4200
77650.0,-0.4200,9.9600,-0.5300
77700.0,-0.3000,10.0400,-0.5300
77750.0,-0.3000,9.9600,-0.5700
77800.0,-0.3800,9.9600,-0.4600
77850.0,-0.3000,9.9600,-0.5000
77900.0,-0.3800,10.0000,-0.4600
77950.0,-0.2700,10.0000,-0.5000
78000.0,-0.3400,9.9600,-0.5000
78050.0,-0.3000,9.9600,-0.6900
78100.0,-0.5700,9.9200,-0.5000
78150.0,-0.5300,9.9600,-0.4200
78200.0,-0.3800,9.9600,-0.5700
78250.0,-0.3000,9.9600,-0.5300
78300.0,-0.2700,9.9600,-0.5300
78350.0,-0.3000,9.9600,-0.6100
78400.0,-0.4600,9.9600,-0.5700
78450.0,-0.5000,10.0000,-0.5000
78500.0,-0.3000,9.9600,-0.5300
78550.0,-0.3400,9.9600,-0.5300
78600.0,-0.3000,9.9600,-0.5300
78650.0,-0.3800,9.9600,-0.6500
78700.0,-0.4200,9.9600,-0.5300
78750.0,-0.4600,9.9600,-0.5000
78800.0,-0.3400,9.9600,-0.4600
78850.0,-0.3000,9.9600,-0.5000
78900.0,-0.3800,10.0000,-0.5700
78950.0,-0.4200,9.9600,-0.5000
79000.0,-0.4200,9.9600,-0.5300
79050.0,-0.3800,10.0000,-0.5300
79100.0,-0.3800,9.9600,-0.5000
79150.0,-0.3800,9.9600,-0.5000
79200.0,-0.3800,9.9600,-0.5700
79250.0,-0.4200,10.0000,-0.4600
79300.0,-0.4200,9.9600,-0.5300
79350.0,-0.4200,9.9600,-0.5000
79400.0,-0.3800,10.0000,-0.5300
79450.0,-0.4200,9.9600,-0.5300
79500.0,-0.4600,9.9200,-0.5700
79550.0,-0.4200,9.9200,-0.5700
79600.0,-0.3000,10.0000,-0.6100
79650.0,-0.4200,10.0400,-0.6100
79700.0,-0.1900,10.0400,-0.4600
79750.0,-0.1100,10.1200,-0.4600
79800.0,-0.2700,10.0400,-0.2300
79850.0,-0.3400,9.9200,-0.5000
79900.0,-0.8400,9.8900,-0.6100
79950.0,-1.0400,9.7200,-0.5000
80000.0,-0.7600,9.8900,-0.3800
80050.0,0.1500,10.0800,-0.6100
80100.0,0.3800,10.0800,-0.7200
80150.0,0.0000,9.9600,-0.5700
80200.0,-0.5000,9.8900,-0.5300
80250.0,-0.9500,9.8900,-0.3800
80300.0,-0.5300,9.9600,-0.3000
80350.0,0.3100,10.0400,-0.5000
80400.0,0.2300,10.0400,-0.6500
80450.0,-0.0800,9.9600,-0.6100
80500.0,-0.1500,10.0000,-0.7600
80550.0,-0.0400,10.0800,-0.8000
80600.0,-0.1500,9.9600,-0.8400
80650.0,-0.4200,9.9600,-0.7600
80700.0,-0.4600,9.9200,-0.8900
80750.0,-0.5000,9.8900,-1.1200
80800.0,-0.4200,9.8500,-1.3300
80850.0,-0.1500,9.9200,-1.3100
80900.0,0.0800,9.9200,-1.0800
80950.0,-0.0400,10.0800,-0.8900
81000.0,-0.6500,10.1500,-0.6900
81050.0,-0.6900,10.1200,-0.8400
81100.0,-0.1900,10.0400,-0.9500
81150.0,-0.0800,9.9200,-1.4600
81200.0,-0.5000,9.9600,-1.1800
81250.0,-0.8000,9.8900,-1.2700
81300.0,-1.5000,9.8100,-1.0800
81350.0,-1.4200,9.8500,-1.0800
81400.0,-0.8400,9.8500,-1.1400
81450.0,-0.3800,10.0400,-0.9500
81500.0,0.0000,9.9600,-1.0400
81550.0,0.1500,10.0400,-1.1200
81600.0,-0.1500,10.0400,-1.1800
81650.0,-0.6500,9.9600,-1.1800
81700.0,-0.2700,9.8900,-1.3800
81750.0,-0.0400,9.9600,-1.3100
81800.0,-0.6900,10.0800,-1.1800
81850.0,-1.7300,9.8500,-0.6500
81900.0,-0.7600,9.9600,-1.1400
81950.0,0.3800,10.3800,-1.1200
82000.0,0.3800,10.3800,-1.1200
82050.0,-0.1500,10.3100,0.3100
82100.0,0.2300,8.9200,0.0000
82150.0,1.8400,9.0800,-0.1900
82200.0,0.1100,10.5300,0.3800
82250.0,-2.2600,11.9900,0.6500
82300.0,0.0400,10.6100,-0.1500
82350.0,-0.3800,9.0400,1.6900
82400.0,-0.2700,9.2300,0.8400
82450.0,1.0400,9.7000,0.1900
82500.0,2.2600,10.5300,0.9300
82550.0,2.4900,8.5000,0.8400
82600.0,1.5000,9.5300,1.7300
82650.0,1.3300,9.8900,1.8000
82700.0,1.3100,9.7200,1.5400
82750.0,1.0800,9.3800,1.3100
82800.0,0.1900,9.1100,1.8400
82850.0,0.1500,9.8900,2.8300
82900.0,1.7300,10.3800,1.0400
82950.0,0.7600,8.9600,2.0300
83000.0,0.8900,10.1200,1.9500
83050.0,2.5300,9.0800,1.7300
83100.0,2.4900,9.2300,1.4200
83150.0,1.8000,9.1500,2.0700
83200.0,1.6100,9.9200,2.5300
83250.0,1.2300,9.5800,2.7200
83300.0,0.9900,9.4700,2.7600
83350.0,0.6900,9.4300,2.6800
83400.0,0.8400,9.5800,2.4900
83450.0,0.8400,9.4700,2.3700
83500.0,0.7600,9.4700,2.3700
83550.0,0.8000,9.4700,2.3700
83600.0,0.9900,9.5100,2.4500
83650.0,1.0800,9.4700,2.5300
83700.0,1.1400,9.4700,2.4100
83750.0,1.1400,9.4700,2.3700
83800.0,1.1400,9.5100,2.4100
83850.0,1.1400,9.4700,2.4100
83900.0,1.0800,9.4300,2.5300
83950.0,1.1400,9.3800,2.5300
84000.0,1.1200,9.4700,2.5300
84050.0,1.1200,9.5100,2.4500
84100.0,0.9900,9.4300,2.4500
84150.0,0.9500,9.4700,2.4500
84200.0,0.9300,9.4700,2.4900
84250.0,0.9900,9.4700,2.5300
84300.0,1.0400,9.3800,2.5300
84350.0,1.0800,9.4700,2.5300
84400.0,1.1200,9.4300,2.4100
84450.0,1.1400,9.5100,2.4900
84500.0,1.0800,9.3800,2.5300
84550.0,1.1200,9.4700,2.5300
84600.0,1.0400,9.4700,2.5300
84650.0,0.9500,9.4300,2.4900
84700.0,0.9900,9.4300,2.4900
84750.0,1.0400,9.4700,2.5600
84800.0,0.9900,9.4300,2.5300
84850.0,0.9500,9.4300,2.5300
84900.0,0.9900,9.4700,2.4900
84950.0,0.9900,9.4700,2.5300
85000.0,0.9900,9.4300,2.5300
85050.0,1.0400,9.4300,2.5300
85100.0,0.9900,9.4700,2.5300
85150.0,0.9500,9.4300,2.4900
85200.0,0.9500,9.4700,2.4900
85250.0,0.7600,9.3800,2.4500
85300.0,0.8000,9.4300,2.5600
85350.0,0.9900,9.5100,2.6000
85400.0,1.0800,9.4300,2.5300
85450.0,1.0800,9.3400,2.4500
85500.0,1.1400,9.3800,2.4100
85550.0,1.1200,9.5100,2.4500
85600.0,0.9300,9.4700,2.5300
85650.0,0.8400,9.4300,2.4900
85700.0,0.7600,9.4700,2.4900
85750.0,0.7600,9.4700,2.4500
85800.0,0.8000,9.4700,2.4500
85850.0,0.8400,9.4300,2.3400
85900.0,0.8400,9.5300,2.4100
85950.0,0.8000,9.5100,2.3700
86000.0,0.7200,9.4700,2.4100
86050.0,0.6900,9.4700,2.4900
86100.0,0.7200,9.5100,2.5300
86150.0,0.8000,9.4700,2.4900
86200.0,0.8400,9.5100,2.4500
86250.0,0.9500,9.5100,2.4500
86300.0,0.9300,9.4700,2.3700
86350.0,0.8900,9.4700,2.3700
86400.0,0.8000,9.5100,2.4500
86450.0,0.7600,9.4700,2.4900
86500.0,0.6100,9.5100,2.4900
86550.0,0.7600,9.4700,2.5600
86600.0,0.6900,9.5800,2.7200
86650.0,1.3100,9.7200,2.7900
86700.0,1.2700,9.5800,2.9100
86750.0,1.2300,9.2800,2.1500
86800.0,0.5000,8.9200,2.2200
86850.0,0.6500,9.0400,2.3400
86900.0,1.2700,9.5300,2.8300
86950.0,1.8400,9.5300,2.6400
87000.0,1.5700,9.3000,2.3000
87050.0,1.0400,9.3000,2.3400
87100.0,1.1200,9.3400,2.3400
87150.0,1.4200,9.3000,2.1500
87200.0,1.3800,9.4300,2.2200
87250.0,1.2700,9.5100,2.2600
87300.0,1.5000,9.6200,2.1500
87350.0,1.5400,9.7200,2.1500
87400.0,1.1200,9.8900,2.3000
87450.0,0.5700,9.6600,2.1800
87500.0,0.5300,9.2800,1.8400
87550.0,1.5700,9.7000,2.0700
87600.0,1.8400,9.7700,2.1800
87650.0,1.6100,9.3800,1.9500
87700.0,1.7300,9.6600,2.3400
87750.0,1.4600,9.4700,2.1500
87800.0,1.3300,9.3800,2.1100
87850.0,1.3100,9.5300,2.2600
87900.0,1.1200,9.2300,2.2600
87950.0,1.1800,9.3400,2.3700
88000.0,1.0800,9.2800,2.3000
88050.0,1.1400,9.2800,2.3400
88100.0,1.4200,9.4700,2.4100
88150.0,1.4600,9.5100,2.5600
88200.0,1.4200,9.4300,2.4900
88250.0,1.3800,9.4700,2.4500
88300.0,1.3800,9.4700,2.4900
88350.0,1.6100,9.6200,2.3000
88400.0,1.5400,9.3400,2.1800
88450.0,1.3100,9.1900,2.2200
88500.0,1.3800,9.3400,2.4100
88550.0,1.2300,9.5300,2.5300
88600.0,0.8400,9.5100,2.5300
88650.0,0.6100,9.4700,2.4900
88700.0,0.8000,9.5300,2.4500
88750.0,0.9300,9.5300,2.3000
88800.0,1.1800,9.4700,2.3000
88850.0,1.4200,9.4300,2.3400
88900.0,1.5000,9.3800,2.3400
88950.0,1.4200,9.3800,2.3000
89000.0,1.2700,9.3800,2.3000
89050.0,1.1800,9.5100,2.4100
89100.0,1.1400,9.4700,2.4100
89150.0,1.1200,9.4300,2.3400
89200.0,1.2300,9.4300,2.4100
89250.0,1.1800,9.5100,2.4500
89300.0,1.1800,9.4300,2.3700
89350.0,1.3800,9.7000,2.4500
89400.0,1.1200,9.4700,2.2200
89450.0,0.8400,9.3400,2.2200
89500.0,-0.0400,9.1100,2.2600
89550.0,0.1100,9.8100,2.7200
89600.0,0.9300,9.8500,2.7200
89650.0,1.3300,9.5800,2.4100
89700.0,1.2300,9.4300,2.0700
89750.0,1.0800,9.3400,1.9500
89800.0,0.9300,9.3400,2.2600
89850.0,0.6500,9.4300,2.6800
89900.0,0.6900,9.5300,2.7900
89950.0,1.0400,9.4300,2.6800
90000.0,1.6500,9.3400,2.5600
90050.0,1.6500,9.3400,2.5600
90100.0,2.2200,9.3000,2.4100
90150.0,2.3700,9.2300,2.3400
90200.0,2.1500,9.2800,2.3700
90250.0,1.8000,9.3400,2.4900
90300.0,1.4600,9.3400,2.6000
90350.0,1.1200,9.2800,2.6400
90400.0,1.1800,9.3800,2.6800
90450.0,1.4200,9.5100,2.5300
90500.0,1.4600,9.3800,2.4900
90550.0,1.4200,9.3400,2.4900
90600.0,1.3800,9.3800,2.4100
90650.0,1.2700,9.4700,2.4500
90700.0,1.2300,9.5100,2.4900
90750.0,1.1200,9.3800,2.5600
90800.0,1.1400,9.3000,2.5300
90850.0,1.3300,9.3400,2.4900
90900.0,1.5400,9.4300,2.4500
90950.0,1.5000,9.4700,2.5300
91000.0,1.4200,9.3800,2.6000
91050.0,1.2700,9.3400,2.4900
91100.0,1.3100,9.3800,2.5300
91150.0,1.3100,9.4700,2.4500
91200.0,1.1800,9.4300,2.5300
91250.0,1.2700,9.3400,2.5600
91300.0,1.4200,9.4300,2.4900
91350.0,1.5400,9.3800,2.4100
91400.0,1.5400,9.4300,2.4100
91450.0,1.3100,9.3800,2.4100
91500.0,1.2700,9.3400,2.5600
91550.0,1.3300,9.3400,2.6400
91600.0,1.5700,9.3800,2.6400
91650.0,1.7300,9.4700,2.4100
91700.0,1.6100,9.4300,2.3000
91750.0,1.6500,9.4300,2.3000
91800.0,1.3800,9.5100,2.2200
91850.0,0.8400,9.5300,2.1800
91900.0,0.5700,9.3800,2.2600
91950.0,0.7600,9.4700,2.4900
92000.0,1.0400,9.3800,2.5600
92050.0,1.4200,9.2300,2.7600
92100.0,1.7300,9.1500,2.8300
92150.0,2.1800,9.1500,2.6800
92200.0,2.3000,9.5300,2.4100
92250.0,1.9900,9.5300,2.5300
92300.0,1.6900,9.3400,2.6800
92350.0,0.9300,9.1900,2.8300
92400.0,0.7600,9.1100,2.7600
92450.0,1.3300,9.2300,2.7200
92500.0,2.1500,9.4300,2.5600
92550.0,2.5600,9.5300,2.4900
92600.0,1.8400,9.3800,2.3400
92650.0,1.1800,9.2300,2.5300
92700.0,0.7200,9.1100,2.9100
92750.0,1.1200,9.3400,3.1500
92800.0,1.6100,9.5100,2.7600
92850.0,1.5400,9.3000,2.3400
92900.0,1.5400,9.1100,2.3000
92950.0,1.9500,9.2300,2.6000
93000.0,2.1800,9.3000,2.7200
93050.0,2.3000,9.4300,2.7600
93100.0,1.6900,9.4300,2.5600
93150.0,1.6900,9.4300,2.5600
93200.0,0.6500,9.2800,2.3700
93250.0,0.2700,9.0400,2.4100
93300.0,0.5300,9.3000,2.6400
93350.0,1.0400,9.7700,2.7600
93400.0,1.5000,9.5800,2.7200
93450.0,1.4200,9.1100,2.3000
93500.0,1.4600,9.2300,2.2200
93550.0,1.5400,9.5300,2.5300
93600.0,1.2700,9.7000,2.4900
93650.0,0.8400,9.5300,2.5600
93700.0,0.9500,9.1500,2.5600
93750.0,1.3800,9.4300,2.7200
93800.0,2.0700,9.4700,2.3700
93850.0,1.5000,9.3400,2.2200
93900.0,0.9900,9.0400,2.5300
93950.0,1.1200,9.2800,2.9100
94000.0,1.2300,9.5800,3.1500
94050.0,1.6100,9.5800,2.7600
94100.0,1.5700,9.4300,2.4500
94150.0,1.3100,9.1900,2.3000
94200.0,0.8400,9.0000,2.5600
94250.0,1.5000,9.2800,2.9600
94300.0,1.9200,9.6600,3.0200
94350.0,1.9900,9.2300,2.6000
94400.0,1.7300,9.1100,2.4100
94450.0,1.4600,9.2800,2.4500
94500.0,1.2300,9.2300,2.6000
94550.0,1.5400,9.2800,2.7900
94600.0,1.9500,9.3800,2.9100
94650.0,2.1500,9.5100,2.7900
94700.0,1.8000,9.3800,2.5300
94750.0,1.2300,9.2300,2.2600
94800.0,0.8400,9.2800,2.4500
94850.0,0.8000,9.1900,2.6800
94900.0,1.4200,9.3000,3.0600
94950.0,2.1800,9.6600,2.9100
95000.0,2.3400,9.5300,2.5300
95050.0,1.9200,9.1100,2.1100
95100.0,1.3100,9.1900,2.1500
95150.0,1.0400,9.3400,2.4100
95200.0,1.2300,9.3800,2.8300
95250.0,1.8800,9.4700,3.0600
95300.0,2.2200,9.5100,2.7900
95350.0,1.9200,9.1900,2.2600
95400.0,1.6500,9.1100,2.0700
95450.0,1.5700,9.2300,2.2200
95500.0,1.5000,9.5300,2.5600
95550.0,1.5700,9.5800,2.7200
95600.0,1.6500,9.6200,2.6800
95650.0,1.5000,9.3400,2.4900
95700.0,1.6900,9.0400,2.4100
95750.0,1.7600,9.2800,2.4100
95800.0,1.3300,9.5800,2.4500
95850.0,1.0800,9.5800,2.4900
95900.0,0.8400,9.3800,2.6400
95950.0,0.7600,9.3000,2.6000
96000.0,0.9500,9.3800,2.6000
96050.0,1.1400,9.5100,2.6000
96100.0,1.3100,9.5100,2.6000
96150.0,1.3300,9.3800,2.5600
96200.0,1.3100,9.2800,2.4100
96250.0,1.2700,9.3800,2.4900
96300.0,1.3100,9.5300,2.3400
96350.0,1.1400,9.5300,2.3000
96400.0,1.1400,9.4700,2.3400
96450.0,1.1800,9.4700,2.3700
96500.0,1.0800,9.4300,2.3700
96550.0,1.1400,9.4700,2.3000
96600.0,1.2700,9.4300,2.3400
96650.0,1.3300,9.5300,2.3000
96700.0,1.3300,9.5100,2.3000
96750.0,1.3300,9.4700,2.3700
96800.0,1.3300,9.4700,2.3700
96850.0,1.3800,9.4300,2.4100
96900.0,1.3800,9.4300,2.3000
96950.0,1.3300,9.4700,2.3400
97000.0,1.3300,9.4700,2.3700
97050.0,1.3100,9.3800,2.4100
97100.0,1.3800,9.4700,2.4500
97150.0,1.4200,9.4300,2.4100
97200.0,1.3800,9.3800,2.3700
97250.0,1.3800,9.4700,2.3700
97300.0,1.3300,9.4700,2.3700
97350.0,1.3100,9.4700,2.3400
97400.0,1.2700,9.4700,2.4100
97450.0,1.2300,9.4700,2.3700
97500.0,1.2700,9.5100,2.3400
97550.0,1.2700,9.4700,2.3000
97600.0,1.3100,9.4300,2.3000
97650.0,1.3300,9.5100,2.3000
97700.0,1.3100,9.4700,2.2600
97750.0,1.2700,9.4700,2.2200
97800.0,1.1200,9.4300,2.2600
97850.0,1.0800,9.5100,2.2600
97900.0,1.0800,9.5100,2.2600
97950.0,1.1400,9.4700,2.3000
98000.0,1.1400,9.4700,2.3000
98050.0,1.2300,9.4700,2.3000
98100.0,1.3300,9.4700,2.2600
98150.0,1.3800,9.5100,2.2600
98200.0,1.3800,9.4300,2.2600
98250.0,1.2700,9.4300,2.2600
98300.0,1.2700,9.5100,2.3400
98350.0,1.1800,9.4700,2.3000
98400.0,1.2300,9.4700,2.3400
98450.0,1.1800,9.4300,2.3400
98500.0,1.2300,9.4300,2.3000
98550.0,1.2700,9.5100,2.3400
98600.0,1.3300,9.5100,2.3000
98650.0,1.3800,9.4300,2.3000
98700.0,1.3800,9.4700,2.3400
98750.0,1.2300,9.5800,2.2200
98800.0,1.1200,9.7200,2.2600
98850.0,1.0400,9.5100,2.0300
98900.0,0.8400,9.2300,2.1100
98950.0,1.1200,9.1900,2.3400
99000.0,1.4200,9.2300,2.6800
99050.0,2.0700,9.3800,2.5600
99100.0,1.8000,9.3000,2.4500
99150.0,1.8400,9.5100,2.6800
99200.0,2.1100,9.3400,2.5600
99250.0,1.6500,9.1500,2.7200
99300.0,1.2700,9.1100,2.7200
99350.0,1.1800,9.1500,2.5600
99400.0,1.2300,9.6200,2.7200
99450.0,1.1400,9.7700,2.6000
99500.0,0.9300,9.3800,2.3000
99550.0,0.8900,9.3800,2.0700
99600.0,0.8400,9.5100,1.9900
99650.0,0.8000,9.7200,2.0700
99700.0,0.8000,9.9600,2.4100
99750.0,-0.3000,9.9200,2.9800
99800.0,1.3300,10.5300,1.3800
99850.0,0.7600,10.1200,1.8400
99900.0,0.1500,9.0000,1.6500
99950.0,-0.2300,8.3500,1.9900
100000.0,0.0000,8.8500,2.4900
100050.0,2.4500,9.6600,2.8700
100100.0,2.9100,9.2800,1.5000
100150.0,1.4200,8.8500,0.2700
100200.0,1.1400,9.5100,0.1900
100250.0,-1.5700,10.9500,2.7900
100300.0,-2.8300,9.5300,2.1800
100350.0,0.5700,10.0000,-1.5300
100400.0,2.7600,10.6900,2.3000
100450.0,1.3100,9.8900,2.1800
100500.0,0.3800,9.1900,0.2300
100550.0,-0.1100,10.7300,0.1100
100600.0,-1.9200,10.4600,0.2700
100650.0,-1.0400,10.3100,-0.3400
100700.0,-0.9900,9.3400,-0.3000
100750.0,0.1500,10.0400,0.0400
100800.0,1.1400,10.1200,-0.7200
100850.0,1.1400,9.8100,-0.5700
100900.0,0.9900,10.3100,-1.9500
100950.0,-0.3400,10.1500,-1.4600
101000.0,-0.6100,9.8500,-1.5700
101050.0,-0.6900,9.8900,-1.1800
101100.0,-0.7200,9.9600,-0.6900
101150.0,-0.8000,10.0400,-0.6500
101200.0,-0.4200,10.0400,-0.6100
101250.0,-0.0400,10.1200,-0.6500
101300.0,-0.3400,10.0000,-1.1200
101350.0,-0.7200,10.0000,-0.7600
101400.0,-0.4200,10.0000,-1.0800
101450.0,0.0400,10.0800,-0.9500
101500.0,-0.0800,9.7200,-0.4200
101550.0,-1.1800,9.7700,-0.0800
101600.0,-1.8400,9.8500,-0.8400
101650.0,-2.5600,9.7000,-0.6900
101700.0,-1.8800,9.4700,0.4600
101750.0,-1.9200,9.8500,1.5700
101800.0,-2.4500,10.2700,2.4100
101850.0,-1.6900,9.5100,2.3400
101900.0,-2.0700,9.7000,2.4500
101950.0,-1.1800,9.7200,2.5600
102000.0,-0.4200,9.1900,2.1800
102050.0,-0.5300,8.7700,1.4600
102100.0,-1.1200,9.3000,1.8400
102150.0,-1.6500,9.8500,2.6000
102200.0,-1.5300,9.7200,2.4900
102250.0,-1.0800,9.3800,2.1100
102300.0,-0.8400,9.3400,1.7300
102350.0,-0.5300,9.7000,1.8800
102400.0,-0.4200,9.7200,2.4900
102450.0,-0.2700,9.7200,2.1500
102500.0,-0.3800,9.5800,1.7300
102550.0,-0.1500,9.5800,1.8000
102600.0,-0.5700,9.6200,1.8800
102650.0,-0.7600,9.7200,1.9200
102700.0,-0.6900,9.7200,1.9900
102750.0,-0.5000,9.5800,1.6500
102800.0,-0.4600,9.6200,1.8000
102850.0,-0.5300,9.7700,1.9200
102900.0,-0.5700,9.7000,1.8400
102950.0,-0.6900,9.5800,1.7600
103000.0,-0.6100,9.5800,1.8400
103050.0,-0.4600,9.6600,2.1100
103100.0,-0.4200,9.7000,2.1500
103150.0,-0.5000,9.7700,1.9900
103200.0,-0.8900,9.7700,1.9900
103250.0,-0.7200,9.4300,1.5700
103300.0,-0.3800,9.1100,1.3100
103350.0,-0.9900,9.7700,1.3300
103400.0,-2.1800,10.0800,2.3400
103450.0,-2.1100,9.9600,2.5300
103500.0,-1.0400,9.6200,1.6100
103550.0,-0.3000,9.6200,1.7300
103600.0,-0.1500,9.5800,1.7600
103650.0,-0.5700,9.6200,1.7600
103700.0,-0.8400,9.6600,1.7300
103750.0,-0.8400,9.7700,1.6900
103800.0,-0.8000,9.7700,1.6100
103850.0,-0.8000,9.7200,1.6100
103900.0,-0.7200,9.5100,1.6500
103950.0,-0.5700,9.6600,1.7300
104000.0,-0.3000,9.7200,1.8000
104050.0,-0.3000,9.7200,1.7600
104100.0,-0.3400,9.7000,1.6500
104150.0,-0.5300,9.7700,1.5400
104200.0,-0.8400,9.7200,1.4200
104250.0,-0.9100,9.7000,1.4600
104300.0,-0.8000,9.7200,1.5000
104350.0,-0.6500,9.7000,1.5700
104400.0,-0.3400,9.8900,1.8400
104450.0,-0.0800,9.6600,1.8800
104500.0,-0.6100,9.5300,1.8800
104550.0,-1.3300,9.8100,1.8800
104600.0,-1.6100,9.7200,1.6100
104650.0,-1.4200,9.7200,1.6900
104700.0,-1.0800,9.7200,1.5000
104750.0,-0.6900,9.7000,1.6100
104800.0,-0.5000,9.7000,1.6500
104850.0,-0.4200,9.7200,1.6900
104900.0,-0.5700,9.7000,1.6900
104950.0,-0.6100,9.7200,1.6900
105000.0,-0.5700,9.7000,1.6900
105050.0,-0.6100,9.7200,1.6900
105100.0,-0.6100,9.7200,1.7300
105150.0,-0.6500,9.7200,1.6500
105200.0,-0.6100,9.7000,1.6900
105250.0,-0.7600,9.7000,1.6900
105300.0,-0.9100,9.7000,1.8000
105350.0,-0.9100,9.7000,1.8000
105400.0,-0.7600,9.7000,1.7600
105450.0,-0.7600,9.7000,1.7600
105500.0,-0.8000,9.7200,1.7600
105550.0,-0.6900,9.6600,1.7600
105600.0,-0.5700,9.7000,1.7600
105650.0,-0.5700,9.6600,1.7600
105700.0,-0.6100,9.7000,1.8000
105750.0,-0.6500,9.6600,1.8000
105800.0,-0.6500,9.7000,1.8000
105850.0,-0.6500,9.7000,1.8000
105900.0,-0.6100,9.6600,1.7600
105950.0,-0.5700,9.7000,1.7300
106000.0,-0.5700,9.7000,1.8000
106050.0,-0.6100,9.6600,1.7300
106100.0,-0.6900,9.6600,1.7600
106150.0,-0.7200,9.6600,1.7600
106200.0,-0.7200,9.7200,1.8400
106250.0,-0.7600,9.7200,1.8400
106300.0,-0.8000,9.6600,1.7300
106350.0,-0.8000,9.6200,1.6900
106400.0,-0.7200,9.6600,1.7600
106450.0,-0.6900,9.7000,1.8000
106500.0,-0.6900,9.6600,1.8400
106550.0,-0.7200,9.7200,1.8400
106600.0,-0.6900,9.6600,1.8400
106650.0,-0.6900,9.6600,1.8000
106700.0,-0.7200,9.7000,1.8000
106750.0,-0.6900,9.7000,1.8000
106800.0,-0.6500,9.6200,1.6900
106850.0,-0.6100,9.6600,1.7600
106900.0,-0.5700,9.7000,1.7600
106950.0,-0.5700,9.6600,1.8000
107000.0,-0.5300,9.6600,1.8800
107050.0,-0.6100,9.6600,1.8400
107100.0,-0.6500,9.7000,1.8400
107150.0,-0.5700,9.6600,1.8000
107200.0,-0.5000,9.6600,1.8800
107250.0,-0.4600,9.6600,1.8800
107300.0,-0.5000,9.6200,1.9500
107350.0,-0.6100,9.6600,1.8800
107400.0,-0.6500,9.7000,1.8400
107450.0,-0.6500,9.6200,1.7600
107500.0,-0.5300,9.7200,1.8000
107550.0,-0.5300,9.6600,1.7300
107600.0,-0.5700,9.5800,1.7600
107650.0,-0.6900,9.7000,1.8800
107700.0,-0.6500,9.6600,1.8800
107750.0,-0.6500,9.7000,1.7600
107800.0,-0.6900,9.7000,1.8000
107850.0,-0.6500,9.7000,1.7600
107900.0,-0.5700,9.6600,1.7600
107950.0,-0.6900,9.6200,1.8800
108000.0,-0.7200,9.7000,1.9200
108050.0,-0.7200,9.7200,1.9200
108100.0,-0.6500,9.7000,1.9200
108150.0,-0.5700,9.6600,1.8400
108200.0,-0.4200,9.7000,1.8400
108250.0,-0.4600,9.6600,1.8000
108300.0,-0.5700,9.5800,1.7300
108350.0,-0.6500,9.7000,1.8800
108400.0,-0.6500,9.6600,1.8000
108450.0,-0.5000,9.6200,1.8400
108500.0,-0.4200,9.7200,1.9500
108550.0,-0.2300,9.5800,1.8800
108600.0,-0.3400,9.6200,1.9500
108650.0,-0.5000,9.6600,1.8800
108700.0,-0.7200,9.7200,1.9200
108750.0,-0.7200,9.6200,1.8400
108800.0,-0.5300,9.6200,1.8000
108850.0,-0.3000,9.5800,1.8400
108900.0,-0.3400,9.8100,1.8800
108950.0,-0.2300,9.7200,1.7300
109000.0,-0.0400,9.3400,1.4600
109050.0,0.0400,9.5800,1.5000
109100.0,0.0000,9.8100,1.7300
109150.0,-0.1500,9.7700,1.8000
109200.0,0.3400,9.5100,0.7200
109250.0,-0.6900,9.9600,0.8400
109300.0,-0.8400,9.9200,0.8400
109350.0,-2.1800,10.4200,1.1800
109400.0,-1.7300,10.0400,1.8400
109450.0,-2.0300,9.8500,0.3400
109500.0,-1.5000,10.7300,0.4600
109550.0,0.2700,9.8900,-0.2300
109600.0,0.3400,9.7000,0.0000
109650.0,0.0800,9.8900,0.0800
109700.0,0.0800,9.8900,-0.3800
109750.0,0.4600,10.0400,-0.3800
109800.0,0.6900,10.0000,-0.0400
109850.0,0.1900,9.9200,-0.9100
109900.0,-0.3800,9.9600,-0.3000
109950.0,-0.3800,10.1500,-0.1500
110000.0,0.0000,10.0000,-0.5700
110050.0,0.5700,9.9200,-1.3800
110100.0,-0.0400,9.9200,-0.6500
110150.0,0.5300,9.8500,-0.8000
110200.0,-0.0400,9.5100,-1.1400
110250.0,-1.1200,9.8100,-0.6100
110300.0,-1.3300,9.8100,-1.0800
110350.0,-1.9200,10.1500,-0.5000
110400.0,-3.2100,10.7300,0.6100
110450.0,-3.7600,10.4600,0.9500
110500.0,-2.1400,9.4700,-0.9900
110550.0,-3.1700,9.2800,-0.4600
110600.0,-2.4900,9.4300,-0.6500
110650.0,-2.2200,9.7000,-0.4200
110700.0,-2.2600,9.7000,-0.2700
110750.0,-2.3400,9.6600,-0.0800
110800.0,-2.5600,9.5800,-0.4600
110850.0,-3.3000,9.6200,-0.3800
110900.0,-2.6400,9.0800,-0.1900
110950.0,-2.7500,9.5800,0.9500
111000.0,-2.6400,9.8100,1.0400
111050.0,-2.0700,9.9600,0.8000
111100.0,-2.1100,10.0400,0.9900
111150.0,-0.0400,10.0400,0.5300
111200.0,-5.1300,8.1600,1.3100
111250.0,-5.0500,8.1600,1.3100
111300.0,-5.4100,8.1600,1.3800
111350.0,-5.4800,8.1600,1.3100
111400.0,-5.3300,8.1600,1.1800
111450.0,-5.2800,8.1200,1.1800
111500.0,-5.1800,8.1200,1.2300
111550.0,-5.3300,8.1600,1.3300
111600.0,-5.3700,8.1200,1.3300
111650.0,-5.3300,8.1600,1.3300
111700.0,-5.1300,8.2000,1.3800
111750.0,-5.1300,8.2000,1.3800
111800.0,-5.2200,8.1600,1.3300
111850.0,-5.3700,8.0800,1.2700
111900.0,-5.2200,8.1600,1.3100
111950.0,-5.1300,8.1600,1.3100
112000.0,-5.2400,8.2000,1.3300
112050.0,-5.2400,8.2000,1.4200
112100.0,-5.2400,8.2000,1.3800
112150.0,-5.1800,8.1200,1.3300
112200.0,-5.1800,8.1200,1.3300
112250.0,-5.3300,8.1600,1.2700
112300.0,-5.2200,8.1600,1.2700
112350.0,-5.2200,8.1600,1.1800
112400.0,-5.2200,8.1600,1.1800
112450.0,-5.2800,8.1600,1.1800
112500.0,-5.2800,8.1200,1.2300
112550.0,-5.2800,8.1600,1.2700
112600.0,-5.2400,8.2000,1.3300
112650.0,-5.2800,8.1600,1.3300
112700.0,-5.2200,8.0800,1.3100
112750.0,-5.3300,8.1600,1.2300
112800.0,-5.2400,8.1200,1.3100
112850.0,-5.3300,8.1200,1.2700
112900.0,-5.3300,8.0800,1.2700
112950.0,-5.3700,8.1200,1.3100
113000.0,-5.3300,8.1200,1.3100
113050.0,-5.2400,8.1600,1.3100
113100.0,-5.3300,8.1200,1.3100
113150.0,-5.3300,8.1600,1.3100
113200.0,-5.2200,8.1200,1.2700
113250.0,-5.1800,8.1600,1.3100
113300.0,-5.2400,8.1600,1.3800
113350.0,-5.2400,8.1600,1.3100
113400.0,-5.2800,8.0800,1.2700
113450.0,-5.2800,8.1200,1.2700
113500.0,-5.2200,8.1200,1.2700
113550.0,-5.1300,8.2000,1.3800
113600.0,-5.2400,8.1600,1.3300
113650.0,-5.2400,8.1600,1.4200
113700.0,-5.2400,8.1600,1.4200
113750.0,-5.2200,8.1600,1.3800
113800.0,-5.2400,8.1600,1.3300
113850.0,-5.2800,8.1200,1.3300
113900.0,-5.3300,8.0100,1.3100
113950.0,-5.3700,8.0800,1.3300
114000.0,-5.3300,8.0800,1.3800
114050.0,-5.2400,8.1200,1.4200
114100.0,-5.2200,8.2000,1.3800
114150.0,-5.3300,8.1600,1.3800
114200.0,-5.2800,8.1200,1.3300
114250.0,-5.2200,8.1200,1.3300
114300.0,-5.2400,8.1200,1.3800
114350.0,-5.2200,8.1200,1.4200
114400.0,-5.3300,8.2000,1.4200
114450.0,-5.1800,8.1600,1.3800
114500.0,-5.2400,8.1600,1.3300
114550.0,-5.2400,8.1600,1.4200
114600.0,-5.2800,8.1200,1.3300
114650.0,-5.3300,8.0800,1.3100
114700.0,-5.2800,8.1200,1.3800
114750.0,-5.2400,8.1200,1.3800
114800.0,-5.2400,8.1600,1.3300
114850.0,-5.3300,8.1200,1.3300
114900.0,-5.4100,8.0800,1.3100
114950.0,-5.2800,8.1200,1.3800
115000.0,-5.2800,8.1200,1.3800
115050.0,-5.2200,8.1600,1.4200
115100.0,-5.2400,8.1600,1.4600
115150.0,-5.2200,8.1600,1.5000
115200.0,-5.2400,8.1200,1.3800
115250.0,-5.2800,8.0800,1.3800
115300.0,-5.2800,8.0800,1.3300
115350.0,-5.2400,8.2000,1.3800
115400.0,-5.1800,8.2000,1.4200
115450.0,-5.2800,8.1200,1.3100
115500.0,-5.3300,8.1600,1.3800
115550.0,-5.2400,8.1200,1.3800
115600.0,-5.2400,8.1600,1.3300
115650.0,-5.1300,8.2000,1.3800
115700.0,-5.2200,8.2000,1.3300
115750.0,-5.2200,8.2000,1.3300
115800.0,-5.2400,8.1600,1.3300
115850.0,-5.1300,8.2000,1.3100
115900.0,-5.1300,8.2000,1.3300
115950.0,-5.1800,8.2000,1.4200
116000.0,-5.2400,8.2000,1.3800
116050.0,-5.2400,8.1600,1.3100
116100.0,-5.2400,8.1200,1.3100
116150.0,-5.1800,8.1600,1.3100
116200.0,-5.2400,8.2400,1.3800
116250.0,-5.2400,8.0800,1.2300
116300.0,-5.2400,8.1600,1.1800
116350.0,-5.2200,8.1600,1.2700
116400.0,-5.3300,8.1600,1.3100
116450.0,-5.2200,8.2000,1.4200
116500.0,-5.2400,8.2000,1.2700
116550.0,-5.2200,8.0800,1.2300
116600.0,-5.2800,8.2000,1.2700
116650.0,-5.2800,8.0800,1.1200
116700.0,-5.2800,8.2000,1.3300
116750.0,-5.2400,8.2800,1.4200
116800.0,-5.3300,8.2000,1.2700
116850.0,-5.4100,8.1200,1.1400
116900.0,-5.2800,8.0800,1.1200
116950.0,-5.1300,8.2000,1.2300
117000.0,-5.2800,8.2400,1.2700
117050.0,-5.0100,8.2400,1.2700
117100.0,-5.0100,8.2800,1.4600
117150.0,-5.2400,8.1600,1.3100
117200.0,-5.2200,8.1200,1.4200
117250.0,-5.3300,8.2000,1.3100
117300.0,-5.2200,8.2400,1.3800
117350.0,-5.2200,8.2000,1.1800
117400.0,-5.1800,8.1200,1.2300
117450.0,-5.4300,8.0800,1.1200
117500.0,-5.2800,8.3500,1.6100
117550.0,-4.9900,8.3500,1.3800
117600.0,-5.1300,8.3500,1.4200
117650.0,-5.3300,8.1200,1.3100
117700.0,-5.3300,8.0800,1.1800
117750.0,-5.1300,8.1600,1.3800
117800.0,-5.0500,8.2000,1.4200
117850.0,-5.1800,8.2000,1.5700
117900.0,-5.0900,8.1600,1.4600
117950.0,-5.1300,8.1200,1.5300
118000.0,-5.1800,8.1200,1.5300
118050.0,-5.1800,8.2400,1.4200
118100.0,-5.2400,8.1600,1.4600
118150.0,-5.0900,8.2000,1.5700
118200.0,-5.2200,8.1600,1.3300
118250.0,-5.1800,8.1600,1.2700
118300.0,-5.2800,8.1200,1.3800
118350.0,-5.0500,8.2400,1.3800
118400.0,-5.0500,8.2000,1.3300
118450.0,-5.1300,8.2400,1.3300
118500.0,-5.1300,8.2400,1.3800
118550.0,-5.0900,8.2400,1.3300
118600.0,-5.2200,8.2000,1.3300
118650.0,-5.0900,8.2800,1.5000
118700.0,-5.2200,8.2400,1.3300
118750.0,-5.1300,8.2000,1.4600
118800.0,-5.0500,8.2400,1.3300
118850.0,-5.0500,8.2000,1.3800
118900.0,-5.1300,8.2000,1.3300
118950.0,-5.2400,8.2000,1.3100
119000.0,-5.1300,8.2400,1.3300
119050.0,-5.1300,8.2000,1.3100
119100.0,-5.2200,8.1600,1.2700
119150.0,-5.1800,8.1600,1.3300
119200.0,-5.1800,8.2000,1.3800
119250.0,-5.2200,8.1600,1.2700
119300.0,-5.1800,8.2000,1.3100
119350.0,-5.2200,8.1600,1.3100
119400.0,-5.0900,8.2800,1.4200
119450.0,-5.0900,8.2400,1.1800
119500.0,-5.0900,8.1200,1.1200
119550.0,-5.1800,8.1200,1.1200
119600.0,-5.1800,8.1200,1.1200
119650.0,-5.1300,8.1600,1.2700
119700.0,-5.1300,8.2400,1.4600
119750.0,-5.1300,8.2000,1.3800
119800.0,-5.2400,8.2400,1.3800
119850.0,-5.1300,8.2000,1.3300
119900.0,-5.2400,8.2000,1.2300
119950.0,-5.2800,8.2000,1.2300
120000.0,-5.1800,8.2400,1.3100
120050.0,-5.2200,8.1600,1.1800
120100.0,-5.2400,8.1600,1.1800
120150.0,-5.2200,8.1600,1.0800
120200.0,-5.3300,8.2000,1.1800
120250.0,-5.2200,8.2000,1.2700
120300.0,-5.2800,8.2400,1.2300
120350.0,-5.2200,8.2000,1.2700
120400.0,-5.2400,8.1600,1.2300
120450.0,-5.2400,8.1600,1.1800
120500.0,-5.0900,8.2400,1.3800
120550.0,-5.0900,8.2400,1.4200
120600.0,-5.0900,8.2400,1.5000
120650.0,-5.2200,8.2000,1.3800
120700.0,-5.1300,8.2000,1.3300
120750.0,-5.1300,8.2800,1.2700
120800.0,-5.2200,8.1600,1.2700
120850.0,-5.1800,8.1600,1.2300
120900.0,-5.0900,8.2000,1.3800
120950.0,-5.0100,8.2400,1.3800
121000.0,-5.2200,8.2800,1.2700
121050.0,-5.1300,8.2400,1.3300
121100.0,-5.2200,8.1600,1.3800
121150.0,-5.0900,8.2000,1.3300
121200.0,-4.9400,8.2000,1.3100
121250.0,-5.0100,8.2000,1.2700
121300.0,-5.2200,8.2400,1.4200
121350.0,-5.2800,8.1600,1.3100
121400.0,-5.2400,8.1200,1.3300
121450.0,-5.1300,8.2000,1.2700
121500.0,-5.1800,8.2400,1.3800
121550.0,-5.2200,8.2000,1.3300
121600.0,-5.2200,8.1600,1.3800
121650.0,-5.1800,8.2000,1.3300
121700.0,-5.1300,8.2000,1.3300
121750.0,-5.1800,8.1600,1.3300
121800.0,-5.2200,8.1600,1.4600
121850.0,-5.1800,8.2000,1.3300
121900.0,-5.2800,8.1600,1.2700
121950.0,-5.2200,8.1600,1.2700
122000.0,-5.2200,8.1600,1.2700
122050.0,-5.2200,8.2400,1.3100
122100.0,-5.2200,8.2000,1.3100
122150.0,-5.1800,8.2000,1.3100
122200.0,-5.0900,8.2000,1.3300
122250.0,-5.1800,8.1600,1.3300
122300.0,-5.2200,8.2000,1.3100
122350.0,-5.2400,8.2400,1.3300
122400.0,-5.2200,8.1200,1.2700
122450.0,-5.2200,8.2000,1.2700
122500.0,-5.2200,8.1600,1.3100
122550.0,-5.2400,8.2000,1.3100
122600.0,-5.2800,8.1600,1.2700
122650.0,-5.1300,8.1600,1.3300
122700.0,-5.1800,8.1600,1.2700
122750.0,-5.1800,8.1600,1.3100
122800.0,-5.2400,8.1600,1.3300
122850.0,-5.2400,8.1600,1.3300
122900.0,-5.1800,8.2000,1.3300
122950.0,-5.2400,8.2000,1.3100
123000.0,-5.1300,8.1200,1.2700
123050.0,-5.1300,8.1200,1.3100
123100.0,-5.1300,8.2400,1.4200
123150.0,-5.1300,8.2400,1.3800
123200.0,-5.2400,8.1600,1.2700
123250.0,-5.2200,8.0800,1.2300
123300.0,-5.2200,8.2000,1.3100
123350.0,-5.1300,8.2000,1.3100
123400.0,-5.2400,8.2000,1.3300
123450.0,-5.1800,8.1200,1.3100
123500.0,-5.0900,8.2000,1.2700
123550.0,-5.0900,8.2400,1.2700
123600.0,-5.1800,8.2400,1.3800
123650.0,-5.2200,8.2000,1.3300
123700.0,-5.2200,8.1200,1.3300
123750.0,-5.1300,8.2400,1.3100
123800.0,-5.0900,8.2000,1.3300
123850.0,-5.1800,8.2000,1.3100
123900.0,-5.1800,8.1600,1.3300
123950.0,-5.2200,8.1200,1.3100
124000.0,-5.2200,8.2000,1.3100
124050.0,-5.1300,8.2000,1.3800
124100.0,-5.1300,8.1600,1.3800
124150.0,-5.2200,8.1600,1.3300
124200.0,-5.2400,8.1600,1.3300
124250.0,-5.2200,8.2000,1.3800
124300.0,-5.2200,8.1600,1.3100
124350.0,-5.2400,8.1600,1.3300
124400.0,-5.1300,8.2400,1.3300
124450.0,-5.2200,8.2000,1.3100
124500.0,-5.1800,8.1600,1.1800
124550.0,-5.1300,8.1600,1.4200
124600.0,-5.1800,8.2000,1.3800
124650.0,-5.2200,8.2400,1.3800
124700.0,-5.2200,8.2000,1.3300
124750.0,-5.2200,8.1600,1.2700
124800.0,-5.2400,8.2000,1.3300
124850.0,-5.2200,8.2000,1.3300
124900.0,-5.2400,8.1600,1.3800
124950.0,-5.2200,8.2000,1.3300
125000.0,-5.2400,8.1200,1.4200
125050.0,-5.2400,8.2000,1.3800
125100.0,-5.2200,8.1600,1.3100
125150.0,-5.2200,8.0800,1.3100
125200.0,-5.2200,8.1600,1.4200
125250.0,-5.0900,8.2800,1.4600
125300.0,-5.0100,8.2800,1.4200
125350.0,-5.0900,8.2000,1.2700
125400.0,-5.2800,8.1200,1.3800
125450.0,-5.1800,8.2000,1.3300
125500.0,-5.1800,8.2000,1.3800
125550.0,-5.1800,8.1600,1.3300
125600.0,-5.1800,8.2000,1.3300
125650.0,-5.2200,8.1600,1.3100
125700.0,-5.2200,8.1600,1.3800
125750.0,-5.2800,8.1600,1.3300
125800.0,-5.2200,8.1600,1.2700
125850.0,-5.1300,8.2000,1.2700
125900.0,-5.0900,8.2400,1.3300
125950.0,-5.1800,8.2000,1.3800
126000.0,-5.2200,8.2000,1.3800
126050.0,-5.2200,8.1600,1.3800
126100.0,-5.1800,8.1200,1.2700
126150.0,-5.1300,8.1600,1.3100
126200.0,-5.2200,8.1200,1.3800
126250.0,-5.2200,8.2000,1.4200
126300.0,-5.1800,8.2000,1.5000
126350.0,-5.1800,8.2400,1.3800
126400.0,-5.2200,8.1200,1.2700
126450.0,-5.2400,8.1200,1.3300
126500.0,-5.2200,8.1600,1.3300
126550.0,-5.2200,8.1600,1.3800
126600.0,-5.1800,8.2000,1.4600
126650.0,-5.2200,8.2400,1.3300
126700.0,-5.2200,8.2400,1.3300
126750.0,-5.2200,8.2400,1.3300
126800.0,-5.2200,8.2000,1.3100
126850.0,-5.2200,8.1600,1.3100
126900.0,-5.1800,8.2000,1.3100
126950.0,-5.2200,8.2000,1.3100
127000.0,-5.2400,8.1600,1.3300
127050.0,-5.1800,8.2000,1.3100
127100.0,-5.2200,8.2400,1.3100
127150.0,-5.2400,8.1600,1.3100
127200.0,-5.2200,8.2000,1.2700
127250.0,-5.1300,8.2000,1.2300
127300.0,-5.1300,8.2000,1.2700
127350.0,-5.2200,8.2400,1.4600
127400.0,-5.2400,8.2400,1.5000
127450.0,-5.1800,8.1600,1.3800
127500.0,-5.1800,8.0500,1.3300
127550.0,-5.1300,8.1200,1.4200
127600.0,-5.1300,8.2800,1.2700
127650.0,-5.1300,8.2800,1.3300
127700.0,-5.0900,8.1600,1.3300
127750.0,-5.2800,8.1200,1.3100
127800.0,-5.1800,8.1600,1.3100
127850.0,-5.0500,8.2400,1.2300
127900.0,-5.3700,8.0800,1.3100
127950.0,-5.4800,8.1200,1.2700
128000.0,-5.4800,8.0500,1.3800
128050.0,-5.0500,8.2800,1.3300
128100.0,-4.9400,8.1600,1.3300
128150.0,-5.0900,8.1600,1.3100
128200.0,-5.0500,8.2800,1.4600
128250.0,-5.1800,8.2400,1.5300
128300.0,-5.0500,8.2800,1.4200
128350.0,-5.0900,8.2400,1.3100
128400.0,-5.0900,8.2000,1.3300
128450.0,-5.2400,8.1600,1.4600
128500.0,-5.2400,8.1600,1.4200
128550.0,-5.1300,8.2000,1.4200
128600.0,-5.0500,8.2400,1.4200
128650.0,-5.1800,8.1600,1.3300
128700.0,-5.1800,8.2400,1.3800
128750.0,-5.1800,8.1600,1.3800
128800.0,-5.2400,8.1600,1.3800
128850.0,-5.2400,8.1600,1.3100
128900.0,-5.1800,8.1200,1.3800
128950.0,-5.2800,8.1600,1.3800
129000.0,-5.2200,8.2000,1.5000
129050.0,-5.2200,8.2000,1.4200
129100.0,-5.2200,8.1200,1.3100
129150.0,-5.1800,8.1600,1.3300
129200.0,-5.2200,8.2000,1.3800
129250.0,-5.1800,8.2400,1.3300
129300.0,-5.2200,8.1600,1.3300
129350.0,-5.1800,8.2000,1.2700
129400.0,-5.2800,8.1600,1.3100
129450.0,-5.2200,8.2000,1.2700
129500.0,-5.1800,8.1600,1.3800
129550.0,-5.2200,8.1200,1.3800
129600.0,-5.2400,8.1200,1.3800
129650.0,-5.2200,8.2000,1.3800
129700.0,-5.2400,8.1600,1.3800
129750.0,-5.2200,8.1200,1.3100
129800.0,-5.2200,8.1600,1.3300
129850.0,-5.2400,8.2000,1.3300
129900.0,-5.1800,8.2400,1.3300
129950.0,-5.2200,8.1600,1.4600
130000.0,-5.2200,8.1600,1.3100
130050.0,-5.2200,8.1200,1.3800
130100.0,-5.2200,8.1600,1.3300
130150.0,-5.2200,8.1600,1.3100
130200.0,-5.1800,8.1200,1.2700
130250.0,-5.2200,8.1200,1.3300
130300.0,-5.2200,8.2000,1.3800
130350.0,-5.2200,8.2000,1.3800
130400.0,-5.2200,8.1600,1.3800
130450.0,-5.2200,8.1600,1.3100
130500.0,-5.2400,8.1200,1.2700
130550.0,-5.1300,8.0800,1.3300
130600.0,-5.2400,8.2800,1.3800
130650.0,-5.0900,8.1200,1.4200
130700.0,-5.2800,8.2400,1.4600
130750.0,-5.1300,8.1200,1.3100
130800.0,-5.1800,8.0800,1.3300
130850.0,-5.0900,8.1600,1.3300
130900.0,-5.3300,8.2000,1.5300
130950.0,-5.3700,8.2400,1.3800
131000.0,-5.2200,8.2000,1.2700
131050.0,-5.0500,8.1600,1.2700
131100.0,-5.2200,8.1200,1.4600
131150.0,-5.3700,8.2000,1.3800
131200.0,-5.3300,8.1200,1.4200
131250.0,-4.9900,8.1600,1.4200
131300.0,-5.0900,8.2000,1.3800
131350.0,-5.2400,8.2400,1.5000
131400.0,-5.1800,8.2400,1.4200
131450.0,-5.1800,8.0500,1.3100
131500.0,-5.2200,8.1200,1.3300
131550.0,-5.1800,8.1600,1.3800
131600.0,-5.1300,8.1200,1.3300
131650.0,-5.1800,8.2000,1.4200
131700.0,-5.1800,8.2400,1.4200
131750.0,-5.1800,8.1200,1.3100
131800.0,-5.1300,8.1600,1.3100
131850.0,-5.2200,8.2000,1.3300
131900.0,-5.1300,8.1600,1.4200
131950.0,-5.1800,8.2000,1.3800
132000.0,-5.2200,8.2000,1.4600
132050.0,-5.1300,8.2400,1.5300
132100.0,-5.0900,8.2000,1.4200
132150.0,-5.0900,8.2400,1.4200
132200.0,-5.1300,8.2000,1.4600
132250.0,-5.1300,8.2800,1.4600
132300.0,-5.1300,8.1600,1.3800
132350.0,-5.1300,8.1200,1.3100
132400.0,-5.1300,8.1600,1.5000
132450.0,-5.0900,8.2000,1.5300
132500.0,-5.1800,8.1600,1.4600
132550.0,-5.1300,8.2800,1.4200
132600.0,-5.2400,8.1200,1.3800
132650.0,-5.1800,8.1200,1.3800
132700.0,-5.1300,8.2000,1.4600
132750.0,-5.2200,8.1600,1.4200
132800.0,-5.1300,8.1600,1.4200
132850.0,-5.1300,8.2000,1.4600
132900.0,-5.2400,8.2000,1.4600
132950.0,-5.2200,8.2000,1.5000
133000.0,-5.2200,8.1600,1.3800
133050.0,-5.1800,8.1600,1.4200
133100.0,-5.1800,8.2000,1.3800
133150.0,-5.1800,8.1200,1.3800
133200.0,-5.2200,8.2000,1.4200
133250.0,-5.1300,8.1600,1.4200
133300.0,-5.2400,8.1600,1.4200
133350.0,-5.1800,8.1600,1.4200
133400.0,-5.1300,8.2400,1.4600
133450.0,-5.1800,8.2000,1.3800
133500.0,-5.1800,8.2000,1.4600
133550.0,-5.1800,8.2000,1.5000
133600.0,-5.1300,8.1600,1.3800
133650.0,-5.1300,8.1600,1.4200
133700.0,-5.2400,8.2000,1.4200
133750.0,-5.2200,8.2000,1.4200
133800.0,-5.1800,8.2000,1.4200
133850.0,-5.1800,8.2000,1.4200
133900.0,-5.0900,8.1600,1.3800
133950.0,-5.1800,8.2000,1.3800
134000.0,-5.2200,8.2000,1.4200
134050.0,-5.2400,8.0800,1.3300
134100.0,-5.1800,8.0800,1.3300
134150.0,-5.1300,8.1600,1.4600
134200.0,-5.0500,8.2000,1.4200
134250.0,-5.1800,8.2000,1.4200
134300.0,-5.1300,8.1600,1.3800
134350.0,-5.1800,8.2000,1.4200
134400.0,-5.1800,8.2000,1.3800
134450.0,-5.2200,8.1200,1.3800
134500.0,-5.2200,8.1600,1.3300
134550.0,-5.2200,8.2000,1.3800
134600.0,-5.2400,8.2000,1.4200
134650.0,-5.2200,8.2000,1.3300
134700.0,-5.1300,8.2000,1.3800
134750.0,-5.2200,8.1600,1.3100
134800.0,-5.2200,8.1600,1.4200
134850.0,-5.2200,8.2000,1.3800
134900.0,-5.2200,8.2000,1.3800
134950.0,-5.2200,8.1600,1.2700
135000.0,-5.1300,8.1600,1.2700
135050.0,-5.2800,8.2000,1.3300
135100.0,-5.2400,8.2000,1.3800
135150.0,-5.2200,8.2000,1.3800
135200.0,-5.1800,8.2000,1.3800
135250.0,-5.1800,8.1600,1.3300
135300.0,-5.2200,8.1600,1.3300
135350.0,-5.1800,8.1600,1.4600
135400.0,-5.1800,8.2000,1.3800
135450.0,-5.2200,8.2000,1.3800
135500.0,-5.1300,8.2000,1.2700
135550.0,-5.2400,8.1200,1.3300
135600.0,-5.2400,8.1200,1.3800
135650.0,-5.2400,8.2000,1.3800
135700.0,-5.1300,8.1600,1.4600
135750.0,-5.2200,8.2400,1.4200
135800.0,-5.1800,8.2000,1.4600
135850.0,-5.2200,8.1200,1.3300
135900.0,-5.2800,8.2000,1.4200
135950.0,-5.2200,8.1600,1.3800
136000.0,-5.1800,8.1600,1.3300
136050.0,-5.1300,8.2000,1.3800
136100.0,-5.2200,8.1600,1.4200
136150.0,-5.1800,8.2000,1.4200
136200.0,-5.1300,8.2000,1.4600
136250.0,-5.1800,8.1600,1.4600
136300.0,-5.1300,8.2000,1.4600
136350.0,-5.0900,8.2000,1.4600
136400.0,-5.1800,8.2000,1.4200
136450.0,-5.0900,8.2800,1.5000
136500.0,-5.2200,8.1600,1.4200
136550.0,-5.1800,8.2000,1.4600
136600.0,-5.1800,8.1600,1.3100
136650.0,-5.1800,8.2000,1.4200
136700.0,-5.1800,8.2000,1.3300
136750.0,-5.2200,8.2000,1.4200
136800.0,-5.2200,8.1600,1.3800
136850.0,-5.1800,8.1600,1.3800
136900.0,-5.1800,8.2000,1.3300
136950.0,-5.1800,8.1200,1.3800
137000.0,-5.2400,8.2000,1.4600
137050.0,-5.2200,8.1600,1.4200
137100.0,-5.0900,8.2400,1.3800
137150.0,-5.0900,8.2000,1.3800
137200.0,-5.2800,8.1600,1.3800
137250.0,-5.2200,8.1600,1.4200
137300.0,-5.2200,8.2000,1.4600
137350.0,-5.0900,8.1600,1.4200
137400.0,-5.1300,8.2000,1.3300
137450.0,-5.0900,8.2400,1.3800
137500.0,-5.1800,8.1600,1.3800
137550.0,-5.1300,8.2400,1.4600
137600.0,-5.1800,8.1600,1.3800
137650.0,-5.1300,8.2000,1.4600
137700.0,-5.1300,8.1600,1.4200
137750.0,-5.2200,8.1600,1.4600
137800.0,-5.2200,8.2000,1.4200
137850.0,-5.1800,8.1600,1.4600
137900.0,-5.1800,8.1200,1.4200
137950.0,-5.1300,8.2000,1.4200
138000.0,-5.1300,8.1600,1.3800
138050.0,-5.1800,8.1600,1.4600
138100.0,-5.0900,8.2400,1.5000
138150.0,-5.2200,8.2000,1.5000
138200.0,-5.1800,8.3100,1.5300
138250.0,-5.0100,8.0800,1.3800
138300.0,-5.0900,8.1600,1.5000
138350.0,-5.2200,8.2400,1.4600
138400.0,-5.2400,8.2400,1.5000
138450.0,-5.1300,8.1200,1.3300
138500.0,-5.1300,8.2000,1.3800
138550.0,-5.2200,8.1600,1.3800
138600.0,-5.2400,8.1200,1.4600
138650.0,-5.1300,8.2000,1.5700
138700.0,-5.1300,8.2000,1.5000
138750.0,-5.0900,8.2000,1.5000
138800.0,-5.1800,8.2000,1.4200
138850.0,-5.1300,8.2400,1.3800
138900.0,-5.0900,8.1600,1.3300
138950.0,-5.0900,8.1600,1.5000
139000.0,-5.2200,8.1600,1.5300
139050.0,-5.2200,8.2000,1.6100
139100.0,-5.1800,8.1600,1.3300
139150.0,-5.1300,8.2000,1.3100
139200.0,-5.1300,8.2000,1.3800
139250.0,-5.1300,8.2000,1.5000
139300.0,-5.2200,8.2000,1.5000
139350.0,-5.1300,8.2400,1.4600
139400.0,-5.0900,8.2000,1.3800
139450.0,-5.2200,8.1200,1.2700
139500.0,-5.2400,8.1600,1.3100
139550.0,-5.2400,8.1600,1.4600
139600.0,-5.1800,8.2000,1.3800
139650.0,-5.1300,8.2000,1.4200
139700.0,-5.2200,8.1600,1.3800
139750.0,-5.1800,8.1200,1.3800
139800.0,-5.1800,8.2000,1.5000
139850.0,-5.0500,8.2400,1.5000
139900.0,-5.1800,8.1600,1.5000
139950.0,-5.2200,8.2000,1.5000
140000.0,-5.2200,8.2000,1.4200
140050.0,-5.0900,8.2400,1.4600
140100.0,-5.2200,8.1600,1.4600
140150.0,-5.1800,8.1200,1.4600
140200.0,-5.1800,8.2400,1.4200
140250.0,-5.1300,8.2000,1.5300
140300.0,-5.2200,8.1600,1.4600
140350.0,-5.1800,8.2000,1.4600
140400.0,-5.1800,8.1600,1.4600
140450.0,-5.1300,8.1600,1.5000
140500.0,-5.2200,8.1600,1.4600
140550.0,-5.2200,8.1600,1.4600
140600.0,-5.1800,8.1600,1.3800
140650.0,-5.1800,8.2000,1.3300
140700.0,-5.1800,8.2000,1.4200
140750.0,-5.1800,8.2000,1.4600
140800.0,-5.2200,8.2000,1.5300
140850.0,-5.1800,8.1600,1.5300
140900.0,-5.1300,8.2000,1.3800
140950.0,-5.1300,8.2000,1.4200
141000.0,-5.1300,8.2000,1.4600
141050.0,-5.1300,8.2000,1.4600
141100.0,-5.1300,8.2400,1.4600
141150.0,-5.1300,8.2000,1.4600
141200.0,-5.1300,8.2000,1.4600
141250.0,-5.1800,8.1200,1.3800
141300.0,-5.1800,8.1600,1.5000
141350.0,-5.1800,8.1200,1.4200
141400.0,-5.1300,8.2000,1.4600
141450.0,-5.1800,8.2400,1.4600
141500.0,-5.2400,8.1200,1.4200
141550.0,-5.1300,8.2000,1.4600
141600.0,-5.1300,8.2400,1.3800
141650.0,-5.1300,8.2000,1.5000
141700.0,-5.1300,8.2000,1.4600
141750.0,-5.0900,8.2000,1.4600
141800.0,-5.1300,8.2000,1.5000
141850.0,-5.0500,8.2000,1.4600
141900.0,-5.0900,8.2400,1.5000
141950.0,-5.1800,8.2000,1.5300
142000.0,-5.0900,8.2400,1.5000
142050.0,-5.0900,8.2400,1.5300
142100.0,-5.0900,8.1600,1.5000
142150.0,-5.1800,8.2400,1.5300
142200.0,-5.0500,8.1600,1.5000
142250.0,-5.0500,8.2000,1.4600
142300.0,-5.0500,8.2000,1.5300
142350.0,-5.1300,8.1600,1.5700
142400.0,-5.0900,8.2400,1.6100
142450.0,-5.0900,8.2000,1.4600
142500.0,-5.0500,8.2400,1.5300
142550.0,-5.0900,8.2000,1.5000
142600.0,-5.1300,8.2000,1.5700
142650.0,-4.9900,8.2800,1.5700
142700.0,-5.0900,8.2800,1.5300
142750.0,-5.0100,8.2400,1.5000
142800.0,-4.9900,8.2400,1.4600
142850.0,-4.9900,8.2800,1.5000
142900.0,-5.0900,8.2400,1.6500
142950.0,-5.0100,8.2000,1.5000
143000.0,-5.1300,8.2800,1.5000
143050.0,-4.9900,8.2800,1.6100
143100.0,-4.8600,8.2800,1.5300
143150.0,-4.9900,8.2400,1.6900
143200.0,-4.9400,8.3100,1.6100
143250.0,-4.9400,8.3100,1.5300
143300.0,-4.9400,8.2400,1.5000
143350.0,-5.0100,8.2400,1.4600
143400.0,-5.0500,8.2000,1.5000
143450.0,-5.0900,8.1600,1.5300
143500.0,-5.0500,8.2400,1.5300
143550.0,-5.0100,8.2400,1.5000
143600.0,-4.9900,8.2400,1.4600
143650.0,-5.0500,8.2000,1.4200
143700.0,-5.0900,8.2000,1.4600
143750.0,-5.0100,8.2800,1.4600
143800.0,-4.9900,8.2800,1.4600
143850.0,-5.0500,8.2000,1.3300
143900.0,-5.0900,8.2000,1.3800
143950.0,-5.1300,8.2000,1.5000
144000.0,-5.0100,8.2800,1.5700
144050.0,-4.9000,8.3100,1.5300
144100.0,-5.0500,8.2000,1.5000
144150.0,-5.2200,8.2000,1.3300
144200.0,-5.2200,8.2000,1.3800
144250.0,-5.2200,8.1600,1.3800
144300.0,-5.1300,8.1600,1.3800
144350.0,-5.2200,8.1200,1.3300
144400.0,-5.1800,8.2400,1.4200
144450.0,-5.1300,8.2000,1.3800
144500.0,-5.1800,8.1200,1.2700
144550.0,-5.3300,8.2800,1.4200
144600.0,-5.2800,8.2400,1.3300
144650.0,-5.2400,8.1600,1.2700
144700.0,-5.1800,8.2400,1.3100
144750.0,-5.2800,8.1600,1.2700
144800.0,-5.3300,8.1200,1.3300
144850.0,-5.3300,8.1600,1.2700
144900.0,-5.2200,8.1600,1.2700
144950.0,-5.1800,8.2000,1.2300
145000.0,-5.2400,8.1200,1.2300
145050.0,-5.3300,8.0800,1.1400
145100.0,-5.2400,8.1200,1.2700
145150.0,-5.1800,8.2000,1.3100
145200.0,-5.2200,8.2000,1.3100
145250.0,-5.1800,8.1200,1.3100
145300.0,-5.3300,8.1600,1.3800
145350.0,-5.2200,8.2400,1.3300
145400.0,-5.2200,8.2400,1.2300
145450.0,-5.2200,8.1600,1.2300
145500.0,-5.3700,8.1200,1.2300
145550.0,-5.3300,8.0800,1.2700
145600.0,-5.3300,8.1600,1.3100
145650.0,-5.2200,8.1600,1.3300
145700.0,-5.2400,8.1200,1.3100
145750.0,-5.2800,8.1600,1.1800
145800.0,-5.2200,8.1200,1.2700
145850.0,-5.3300,8.0800,1.2300
145900.0,-5.2800,8.2000,1.3300
145950.0,-5.2800,8.1200,1.2700
146000.0,-5.2200,8.1200,1.3100
146050.0,-5.2800,8.1600,1.2700
146100.0,-5.2200,8.2000,1.3800
146150.0,-5.2800,8.0800,1.3300
146200.0,-5.2400,8.1600,1.4200
146250.0,-5.3700,8.2400,1.3800
146300.0,-5.1800,8.2000,1.6100
146350.0,-5.2200,8.2000,1.4200
146400.0,-5.1800,8.1200,1.5000
146450.0,-5.3700,8.0800,1.5300
146500.0,-5.3300,8.1200,1.4600
146550.0,-5.2200,8.1600,1.6500
146600.0,-4.9900,8.2800,1.6100
146650.0,-5.1300,8.2000,1.5000
146700.0,-5.2200,8.0800,1.5300
146750.0,-5.2200,8.0800,1.5700
146800.0,-5.2200,8.1200,1.5700
146850.0,-5.2200,8.2000,1.6100
146900.0,-5.1300,8.2000,1.6100
146950.0,-5.2400,8.1600,1.6100
147000.0,-5.1800,8.1200,1.6500
147050.0,-5.1300,8.1600,1.5700
147100.0,-5.1800,8.1600,1.6500
147150.0,-5.2400,8.1200,1.5300
147200.0,-5.2200,8.2400,1.6100
147250.0,-5.1800,8.2800,1.5300
147300.0,-5.0500,8.1200,1.3100
147350.0,-5.2800,8.0800,1.6100
147400.0,-5.3700,8.1200,1.6900
147450.0,-5.2400,8.1600,1.6100
147500.0,-5.2400,8.1600,1.4600
147550.0,-4.9900,8.2000,1.3800
147600.0,-5.1800,8.1600,1.4200
147650.0,-5.2800,8.0800,1.5700
147700.0,-5.1800,8.1600,1.5700
147750.0,-5.2400,8.2000,1.6100
147800.0,-4.9400,8.2000,1.4200
147850.0,-5.0100,8.3500,1.6900
147900.0,-5.0500,8.2000,1.6500
147950.0,-5.0900,8.2400,1.4600
148000.0,-5.1300,8.2000,1.4200
148050.0,-5.1800,8.1200,1.3300
148100.0,-5.1800,8.1600,1.5300
148150.0,-5.2400,8.1600,1.5700
148200.0,-5.4100,8.1200,1.5700
148250.0,-5.0100,8.1200,1.3800
148300.0,-5.0100,8.1200,1.3800
148350.0,-5.0100,8.1200,1.3800
148400.0,-5.0900,8.1600,1.6100
148450.0,-5.2200,8.1200,1.6100
148500.0,-5.2800,8.2000,1.6900
148550.0,-5.1800,8.2400,1.6100
148600.0,-4.9900,8.1600,1.3800
148650.0,-5.0900,8.1600,1.5000
148700.0,-5.1800,8.1200,1.6100
148750.0,-5.2200,8.1600,1.6900
148800.0,-5.0900,8.1600,1.5700
148850.0,-4.9900,8.2000,1.5700
148900.0,-5.1300,8.2400,1.4600
148950.0,-5.1300,8.1600,1.5000
149000.0,-5.2800,8.0500,1.3800
149050.0,-5.0900,8.1600,1.5700
149100.0,-5.0500,8.3100,1.7300
149150.0,-5.0100,8.2000,1.5300
149200.0,-5.2200,8.2000,1.5000
149250.0,-5.1300,8.2400,1.5700
149300.0,-5.0900,8.2000,1.5000
149350.0,-5.2400,8.1200,1.5700
149400.0,-5.1800,8.2000,1.6100
149450.0,-5.0900,8.2000,1.5300
149500.0,-5.1300,8.1200,1.5700
149550.0,-5.1300,8.2000,1.5300
149600.0,-5.2200,8.1600,1.5700
149650.0,-5.1300,8.1200,1.5000
149700.0,-5.0100,8.2400,1.6500
149750.0,-5.1300,8.2800,1.5700
149800.0,-5.1800,8.1600,1.5700
149850.0,-5.2200,8.2000,1.6100
149900.0,-5.0900,8.2000,1.5700
149950.0,-5.2200,8.1200,1.5700
